BGP_ID,Lat,Long,Johanna Pop_ID,State,CityTown,Climate,Urban,Sex,Month,Day,Record_no,Inversion_geno,inv_k3,Band_no,color,Population,sample #,raw data,coverage,Q20(%),Q30(%),GC(%),Final DNA Quant,F_MISS,MEAN_DEPTH,pop1,pop2,Body Feathers/Upper Calamus,
96N0042,41.06111,-122.35861,coastal_N,CA,Castella,,,U,7,18,,AA,AwAw,450163001,#004488,western,Y_96N0042,5652234300,5.001977257,98.23,95.04,43.02,0.52284,0.0193904,7.42005,0.9998989,0.0001011,,
96N0238,36.28556,-121.84194,?,CA,Big Sur,,,F,5,31,,AA,AwAw,808111447,,western,Y_96N0238,2446757700,2.165272301,97.52,93.67,49.06,0.149775,0.176658,3.64559,0.9998985,0.0001015,,
96N0349,40.93306,-109.73694,interior_W,UT,Manila,,,F,6,29,,AA,AwAw,148102587,#004488,western,Y_96N0349,2272528500,2.011087168,97.6,93.93,46.87,0.138815,0.197804,3.07126,0.9955932,0.0044067,,
97N5522,40.84778,-123.9869,coastal_N,CA,Blue Lake,,,F,6,1,,AA,AwAw,159127020,#004488,western,Y_97N5522,4583562300,4.056249823,98.29,95.07,44.88,0.30338,0.0740097,4.83022,0.9998989,0.0001012,Y - body feathers used,
98N3098,42.3292,-75.7699,east,NY,Grenne,,,M,5,28,,BB,BB,148165945,#5aae61,eastern,Y_98N3098,2608253700,2.308189115,97.8,94.25,45.7,0.244915,0.167461,3.58234,0.0001006,0.9998994,,
98N3156,32.77687,-79.95953,east,SC,Charleston,,,M,7,7,,BB,BB,134171762,#5aae61,eastern,Y_98N3156,1621043400,1.434551681,97.75,94.11,46.7,0.29048,0.268398,2.34625,0.0001005,0.9998995,,
98N3248,42.62778,-108.63333,front_range_N,WY,Kotey Place,,,F,6,8,,AA,AwAw,450159799,#004488,western,Y_98N3248,5696178300,5.040865752,98.32,95.08,41.95,0.68729,0.0212296,7.3078,0.9998983,0.0001017,,
98N5070,39.0239,-96.84302,eastern,KS,Junction City,,Y,F,6,6,,BB,BB,153156044,#5aae61,eastern,Y_98N5070,3840145500,3.39835885,97.91,94.43,43.96,0.265605,0.10203,4.77702,0.0001004,0.9998996,,
98N5244,39.310352,-94.927937,eastern,KS,Leavenworth,,Y,F,6,24,,AA?,AeAe,153158333,#5aae61,eastern,Y_98N5244,1616136900,1.430209646,97.52,93.77,48.83,0.13717,0.316399,2.12767,0.0455174,0.9544827,,
99N0449,42.50528,-120.66111,coastal_N,OR,Paisley,,,M,7,10,,AA,AwAw,157144172,#004488,western,Y_99N0449,1923735600,1.702420885,97.65,93.98,47.78,0.188725,0.24312,2.51764,0.9998984,0.0001016,,
99N0573,42.62778,-108.63333,front_range_N,WY,Kotey Place,,,F,6,24,,AB,AwB,450159816,#004488,western,Y_99N0573,1918158900,1.697485752,97.62,93.84,48.41,0.125695,0.226077,2.91191,0.9517878,0.0482122,,
00N4901,30.97496,-93.03498,east,LA,Cravens,,,M,5,25,,BB,BB,15160483,#5aae61,eastern,Y_00N4901,1880315400,1.663995929,97.44,93.6,49.68,0.121025,0.268735,2.50167,0.0001014,0.9998986,,
00N5113,47.3568,-109.6899,front_range_N,MT,Denton,,,M,7,2,,AA,AwAw,159188180,#004488,western,Y_00N5113,2378487600,2.104856283,97.93,94.4,45.67,0.2493,0.189535,3.03426,0.9686046,0.0313954,Y - upper calamus,
00N5219,36.13885,-114.42612,interior_S,NV,Lake Mead,,Y,M,7,6,,AA,AwAw,171135209,#004488,western,Y_00N5219,5851881900,5.178656549,98.24,94.97,42.65,0.597955,0.0183663,7.42127,0.9998985,0.0001015,,
00N5220,36.13885,-114.42612,interior_S,NV,Lake Mead,,Y,U,6,26,,AA,AwAw,171135199,#004488,western,Y_00N5220,6448380600,5.706531504,98.16,94.71,42.12,1.31081,0.0114023,7.6702,0.9998987,0.0001013,,
01N7163,43.95278,-122.20278,coastal_N,OR,Finn Rock,,,M,5,31,,AA,AwAw,158171147,#004488,western,Y_01N7163,2282945100,2.020305398,97.93,94.45,43.93,0.46966,0.169437,3.16281,0.9998986,0.0001014,,
01N7164,43.95278,-122.20278,coastal_N,OR,Finn Rock,,,M,5,30,,AA,AwAw,158171154,#004488,western,Y_01N7164,5186301300,4.589647168,98.21,95.01,42.88,0.37015,0.0352745,6.40606,0.9998987,0.0001012,,
01N7559,35.63972,-83.68944,east,TN,Townsend,,,F,7,8,,BB,BB,154177686,#5aae61,eastern,Y_01N7559,4208510700,3.724345752,98.18,94.83,43.37,0.591555,0.045819,5.39124,0.0001013,0.9998987,,
01N9103,33.59667,-117.77583,S_coastal,CA,Irvine,,,F,7,2,,AA,AwAw,176113100,#004488,western,Y_01N9103,4851560400,4.293416283,98.09,94.45,42.35,1.55395,0.0269267,6.19754,0.999899,0.000101,,
02N3137,34.03778,-118.74639,S_coastal,CA,Malibu,,,F,5,11,,AA,AwAw,176136486,#004488,western,Y_02N3137,2462646000,2.179332743,97.51,93.67,49.61,0.20994,0.164933,3.73101,0.9998986,0.0001014,,
02N8378,46.846383,-120.73701,washington,WA,NA,,,M,5,25,,AA,AwAw,158114148,#004488,western,Y_02N8378,3099712200,2.743108142,97.92,94.46,44,0.395955,0.112507,4.12269,0.9998984,0.0001016,,
02N9705,44.98722,-113.56861,front_range_N,ID,Tendoy,,,M,6,6,,AA,AwAw,179107985,#004488,western,Y_02N9705,2142382200,1.895913451,97.52,93.71,48.8,0.177505,0.207747,3.13489,0.9950673,0.0049327,,
02N9706,44.98722,-113.56861,front_range_N,ID,Tendoy,,,F,6,6,,AA,AwAw,179107986,#004488,western,Y_02N9706,3696655800,3.271376814,97.72,93.98,44.88,0.27786,0.0638065,5.27752,0.9998986,0.0001015,,
03N0774,47.23417,-114.16333,front_range_N,MT,Ravalli,,,F,7,10,,AA,AwAw,184127107,#004488,western,Y_03N0774,5032328400,4.453387965,98.19,94.82,42.46,0.507265,0.0258144,6.33692,0.9962102,0.0037899,,
03N2378,42.29345,-123.23413,coastal_N,OR,Provolt,,,M,6,19,,AA,AwAw,172185550,#004488,western,Y_03N2378,3248924400,2.875154336,97.84,94.23,44.84,0.21993,0.0940107,4.27845,0.9998986,0.0001013,,
03N2379,42.29345,-123.23413,coastal_N,OR,Provolt,,,F,5,22,,AA,AwAw,172185535,#004488,western,Y_03N2379,1976710800,1.749301593,97.28,93.02,49.99,0.17039,0.203074,3.11789,0.9998984,0.0001016,,
04N2173,42.16667,-85.51944,east,MI,Vicksburg,,,M,6,8,,BB,BB,181182642,#5aae61,eastern,Y_04N2173,1261731600,1.116576637,97.48,93.62,47.79,0.244875,0.355193,1.76284,0.0030773,0.9969227,,
04N4550,47.23417,-114.16333,front_range_N,MT,Ravalli,,,M,6,20,,AA,AwAw,187177404,#004488,western,Y_04N4550,2544772200,2.252010796,97.59,93.81,47.54,0.157725,0.14771,3.51886,0.9973324,0.0026676,,
04N6810,38.80861,-86.88139,east,IN,Burns City,IN,,U,7,20,,AB,AeB,184127765,#5aae61,eastern,Y_04N6810,6062516100,5.365058496,98.22,94.9,42.31,0.81731,0.0211626,7.11992,0.0072058,0.9927942,,
04N7363,34.17194,-114.28333,interior_S,AZ,Parker,,,U,5,18,,AA,AwAw,135154558,#004488,western,Y_04N7363,2055137100,1.818705398,97.43,93.46,47.46,0.201145,0.183783,3.08436,0.9941553,0.0058446,,
04N9630,34.13806,-84.09222,east,GA,Cumming,,,M,6,18,,AA,AeAe,179191949,#5aae61,eastern,Y_04N9630,2732917800,2.418511327,97.73,94.04,46.56,0.149755,0.148424,3.52671,0.0043892,0.9956108,,
05N4888,38.76028,-86.88306,east,IN,Loogootee,IN,,M,6,17,,BB,BB,187177264,#5aae61,eastern,Y_05N4888,3786389400,3.35078708,98.01,94.6,43.69,0.284125,0.0883753,4.51844,0.0086053,0.9913948,,
05N4927,31.18111,-97.55889,contact,TX,Nolanville,,,U,5,12,,BB,BB,186119482,#5aae61,eastern,Y_05N4927,1229751600,1.088275752,97.23,93.17,50.03,0.10037,0.418564,1.62043,0.0156174,0.9843826,,
05N5363,46.05472,-114.26099,front_range_N,MT,Ravalli,,,M,7,1,,AA,AwAw,184127890,#004488,western,Y_05N5363,4082993100,3.61326823,97.99,94.49,43.56,0.316975,0.0675724,5.12068,0.9998986,0.0001014,,
05N5528,37.77889,-92.17972,east,MO,Fort Leonard Wood,,,F,5,24,,AA,AeAe,179158180,#5aae61,eastern,Y_05N5528,3176533800,2.811091858,98,94.62,44.85,0.203765,0.115397,4.06626,0.0121195,0.9878805,,
05N5543,37.77389,-92.20083,east,MO,Fort Leonard Wood,MO,,M,5,28,,BB,BB,187121221,#5aae61,eastern,Y_05N5543,4063998000,3.596458407,98.14,94.76,43.04,0.25698,0.0805205,4.89605,0.0001015,0.9998985,,
05N6585,34.73306,-114.48833,interior_S,AZ,Mohave,,,F,6,14,,AA,AwAw,196179951,#004488,western,Y_05N6585,3301417200,2.921608142,97.89,94.31,44.84,0.22852,0.0829136,4.49884,0.9998983,0.0001017,,
05N6586,34.73306,-114.48833,interior_S,AZ,Mohave,,,M,6,14,,AA,AwAw,196179949,#004488,western,Y_05N6586,4382724600,3.878517345,98.21,94.99,42.93,0.310945,0.0519642,5.44875,0.9998983,0.0001017,,
05N6724,33.36583,-114.67861,interior_S,AZ,Cibola,,,M,6,22,,AA,AwAw,196179974,#004488,western,Y_05N6724,5663143800,5.011631681,98.15,94.75,42.96,0.5889,0.018537,7.37889,0.9998984,0.0001016,,
05N8544,42.16667,-85.51944,east,MI,Vicksburg,,,F,6,9,,BB,BB,190131835,#5aae61,eastern,Y_05N8544,3567615900,3.157182212,97.99,94.58,44.92,0.288355,0.0826223,4.88803,0.0001,0.9999,,
05N8545,42.16667,-85.51944,east,MI,Vicksburg,,,M,6,12,,BB,BB,190131838,#5aae61,eastern,Y_05N8545,3875709000,3.429830973,98.09,94.69,43.14,0.288655,0.0734682,4.67052,0.0001017,0.9998983,,
05N8546,42.16667,-85.51944,east,MI,Vicksburg,,,F,8,14,,BB,BB,190131911,#5aae61,eastern,Y_05N8546,5607313200,4.962224071,98.11,94.59,43.61,0.75045,0.0184134,7.17658,0.0001003,0.9998997,Y - body feathers used,
06N0320,41.02127,-121.65582,coastal_N,CA,Four Corners,,,U,7,14,,AA,AwAw,195131366,#004488,western,Y_06N0320,5865628500,5.190821681,98.07,94.46,43.14,1.387295,0.0127288,7.49569,0.9998987,0.0001013,,
06N22497,30.44722,-91.70778,east,LA,Krotz Springs,,,F,7,6,,AB,AeB,199102583,#5aae61,eastern,Y_06N22497,1894807500,1.676820796,97.95,94.52,48.21,0.269285,0.22862,2.65994,0.0001012,0.9998988,,
06N24652,33.01472,-108.5508,front_range_S,NM,Gila,,,M,5,14,,AA,AwAw,179154091,#004488,western,Y_06N24652,3176630700,2.811177611,97.86,94.33,44.79,0.27221,0.0996475,4.17056,0.9998983,0.0001017,,
06N24658,33.01472,-108.5508,front_range_S,NM,Gila,,,F,5,14,,AA,AwAw,179154090,#004488,western,Y_06N24658,3953371500,3.49855885,98.12,94.77,43.02,0.34627,0.0600435,5.2089,0.9956045,0.0043956,,
06N27244,37.76111,-80.9,east,WV,Sandstone,,,M,5,25,,BB,BB,171185864,#5aae61,eastern,Y_06N27244,1539125700,1.362058142,97.63,93.95,49.5,0.09367,0.304159,2.05939,0.0006846,0.9993155,,
06N3329,42.49028,-123.48,coastal_N,OR,Merlin,,,M,8,14,,AA,AwAw,224166322,#004488,western,Y_06N3329,3417453900,3.024295487,97.94,94.44,45.26,0.255895,0.0656906,4.83557,0.9998988,0.0001012,,
06N33848,41.84333,-123.2103,coastal_N,CA,Seiad Valley,,,F,8,23,,AA,AwAw,244162693,#004488,western,Y_06N33848,5033001600,4.453983717,97.65,93.96,44.77,0.31912,0.0636844,10.7012,0.9998984,0.0001016,,Recs in pin
07N22909,38.28722,-111.2439,interior_W,UT,Grover,,,F,6,8,,AA,AwAw,450168433,#004488,western,Y_07N22909,2258310900,1.998505221,97.49,93.63,52.59,0.12857,0.213971,3.52536,0.9840693,0.0159307,,
07N24044,41.759289,-70.1175,east,MA,Brewster,,,F,8,27,,AB,AeB,229198946,#5aae61,eastern,Y_07N24044,3874907700,3.429121858,98.02,94.68,45.97,0.27936,0.0644142,5.39825,0.0001011,0.9998989,,
07N27185,35.44028,-95.01472,contact,OK,Sequoyah,,,F,6,21,,AA,AeAe,808183261,#5aae61,eastern,Y_07N27185,1098419700,0.972052832,97.42,93.55,49.99,0.084735,0.441238,1.43727,0.0222524,0.9777476,,
07N27196,35.44028,-95.01472,contact,OK,Sequoyah,,,F,5,31,,BB,BB,808183261,#5aae61,eastern,Y_07N27196,2528129100,2.237282389,97.46,93.52,47.49,0.155775,0.183334,3.18786,0.0001016,0.9998984,,
07N27374,33.76194,-86.51889,east,AL,Springville,,,F,5,13,,BB,BB,193108069,#5aae61,eastern,Y_07N27374,1944462600,1.720763363,97.57,93.84,46.87,0.112855,0.277038,2.34324,0.0001003,0.9998997,,
07N27964,41.18056,-83.02222,contact,OH,Republic,,,M,6,10,,BB,BB,196150171,#5aae61,eastern,Y_07N27964,1654982700,1.46458646,97.34,93.34,49.11,0.125225,0.349356,1.96034,0.0001005,0.9998995,,
08N10319,37.69444,-92.11111,east,MO,Fort Leonard Wood,,,M,6,18,,BB,BB,184143606,#5aae61,eastern,Y_08N10319,3956824800,3.501614867,97.94,94.45,44.84,0.28539,0.068612,4.85282,0.0001015,0.9998984,,
08N13152,38.83972,-86.79361,east,IN,Cale,,,M,6,2,,AB,AeB,220172375,#5aae61,eastern,Y_08N13152,6144170400,5.437318938,97.96,94.41,49.79,0.482825,0.0363847,10.567,0.0188065,0.9811935,,
08N23010,30.505,-91.73194,east,LA,Krotz Springs,,,F,7,10,,AA,AeAe,199102934,#5aae61,eastern,Y_08N23010,1310612100,1.159833717,97.34,93.39,50.37,0.15484,0.397267,1.68011,0.0565656,0.9434344,,
08N23254,30.505,-91.73194,east,LA,Krotz Springs,,,U,7,30,,AA,AeAe,199102951,#5aae61,eastern,Y_08N23254,6065511900,5.367709646,98.07,94.45,43.23,1.16923,0.0144334,7.55403,0.0493355,0.9506645,,Recs in pin
09N14652,37.705,-92.11667,east,MO,Fort Leonard Wood,,,M,5,24,,AA,AeAe,179158128,#5aae61,eastern,Y_09N14652,2335734000,2.067021239,97.63,93.97,47.35,0.147495,0.201027,2.84615,0.0139382,0.9860618,,
09N19286,41.69722,-87.98611,east,IL,Bolingbrook,,,F,7,17,,AB,AeB,193184008,#5aae61,eastern,Y_09N19286,2112935100,1.869854071,97.82,94.27,49.88,0.197235,0.189265,3.01658,0.0133141,0.9866859,,
09N19289,41.69722,-87.98611,east,IL,Bolingbrook,,,M,7,17,,AB,AeB,193184009,#5aae61,eastern,Y_09N19289,3147839400,2.785698584,97.93,94.49,47.22,0.261155,0.0932948,4.13488,0.0073784,0.9926217,,
10N17350,33.15167,-96.6,contact,TX,Fairview,,,M,5,14,,BB,BB,234106118,#5aae61,eastern,Y_10N17350,1199163600,1.061206726,97.57,93.84,47.24,0.10396,0.497699,1.28432,0.0001004,0.9998996,,
12N0416,38.96639,-85.45833,east,IN,San Jacinto,,,F,5,23,,BB,BB,199184666,#5aae61,eastern,Y_12N0416,2233653000,1.976684071,97.65,93.92,47.24,0.393445,0.153438,3.25375,0.0001013,0.9998987,,
12N0594,37.79472,-119.8639,coastal_N,CA,El Portal,,,F,7,16,,AA,AwAw,17918436,#004488,western,Y_12N0594,1159909800,1.02646885,97.82,94.26,50.62,0.139135,0.377344,1.54598,0.9977405,0.0022595,,
12N2931,46.93361,-111.915,front_range_N,MT,Holter Dam,,,F,5,31,,AA,AwAw,196131581,#004488,western,Y_12N2931,4840044600,4.28322531,98.11,94.77,43.09,0.380725,0.0391685,5.98468,0.9767845,0.0232155,,
12N2932,46.93361,-111.915,front_range_N,MT,Holter Dam,,,NA,5,31,,AA,AwAw,122144773,#004488,western,Y_12N2932,2003178300,1.772724159,97.73,94.15,48.19,0.16902,0.234667,2.78448,0.9814169,0.0185831,,
13N1237,34.04861,-118.8122,S_coastal,CA,Malibu,,,M,5,25,,AA,AwAw,181136541,#004488,western,Y_13N1237,1165868100,1.031741681,97.02,92.84,50.36,0.115395,0.438847,1.47767,0.9930751,0.0069249,,
15N1177,35.83611,-106.2553,front_range_S,NM,Los Alamos,,,F,8,12,,AA,AwAw,258136583,#004488,western,Y_15N1177,7139438400,6.31808708,98.32,95.14,41.64,1.615375,0.00931227,8.29936,0.9932095,0.0067905,,
15N4068,42.70901,-103.0233,front_range_N,NE,Chadron,,,F,8,23,,AA,AwAw,274112002,#004488,western,Y_15N4068,4631227200,4.09843115,98.21,94.87,43.46,1.537255,0.0280324,6.39588,0.9694108,0.0305892,,
16N006267,34.27465,-119.229,S_coastal,CA,Santa Paula,,,M,6,15,,AA,AwAw,220136893,#004488,western,Y_16N006267,4286450400,3.793318938,98.21,95.02,42.49,0.423815,0.0735521,4.91398,0.9998987,0.0001012,,
19N01576,34.49596,-89.28144,east,MS,Bethlehem,,,F,5,26,,BB,BB,243139720,#5aae61,eastern,Y_19N01576,2327377800,2.059626372,97.46,93.66,49.8,0.133805,0.242145,2.91699,0.0001015,0.9998985,,
19N01577,34.49596,-89.28144,east,MS,Bethlehem,,,M,6,30,,BB,BB,243139724,#5aae61,eastern,Y_19N01577,1580686200,1.398837345,97.89,94.41,43.3,0.425085,0.364381,1.76834,0.0055106,0.9944894,,
19N02195,42.70901,-103.0233,front_range_N,NE,Chadron,,,U,8,31,,AA,AwAw,279115092,#004488,western,Y_19N02195,5170388400,4.575564956,98.13,94.84,44.57,0.787825,0.0240826,6.89045,0.9430648,0.0569352,,
19N02196,42.70901,-103.0233,front_range_N,NE,Chadron,,,U,8,31,,AB,AwB,279115094,#004488,western,Y_19N02196,6958251900,6.157745044,98.23,94.92,42.16,1.01847,0.0115782,8.45633,0.9167424,0.0832577,,
19N02515,42.49028,-123.475,coastal_N,OR,Merlin,,,U,5,29,,AA,AwAw,274157087,#004488,western,Y_19N02515,5141513100,4.550011593,98.13,94.8,43.19,0.47478,0.0344196,6.44114,0.9998987,0.0001012,,
19N02516,42.49028,-123.475,coastal_N,OR,Merlin,,,M,5,29,,AA,AwAw,274157092,#004488,western,Y_19N02516,5660094600,5.008933274,98.32,95.2,43.36,0.618535,0.0208,7.39266,0.9998987,0.0001013,,
19N02602,42.01944,-122.14,coastal_N,CA,Doris,,,M,5,31,,AA,AwAw,274757097,#004488,western,Y_19N02602,7257344400,6.422428673,98.25,95.07,42.95,0.9146,0.0139875,7.88096,0.9998986,0.0001014,,
20N001276,35.8362,-106.2567,front_range_S,NM,White Rock,,,U,8,26,,AA,AwAw,270148476,#004488,western,Y_20N001276,7169013300,6.344259558,98.28,95.12,42.7,1.01543,0.00715451,9.20507,0.9998986,0.0001014,,
20N002437,35.87528,-106.3144,front_range_S,NM,Los Alamos,,,U,7,22,,AA,AwAw,270148464,#004488,western,Y_20N002437,6252496200,5.533182478,98.18,94.81,42.69,1.454975,0.0125272,7.80287,0.9966214,0.0033786,,
20N002438,35.87528,-106.3144,front_range_S,NM,Los Alamos,,,U,7,22,,AA,AwAw,270148465,#004488,western,Y_20N002438,5203815600,4.605146549,98.34,95.33,43.12,0.924865,0.0330851,7.08642,0.9832975,0.0167025,,
20N01801,39.82061,-75.72807,east,PA,Avondale,,,M,5,27,,AB,AeB,283119017,#5aae61,eastern,Y_20N01801,2322509400,2.055318053,97.86,94.33,48.53,0.316845,0.194949,3.0196,0.0203501,0.9796499,,
20N01802,39.82061,-75.72807,east,PA,Avondale,,,F,7,22,,BB,BB,283119055,#5aae61,eastern,Y_20N01802,7009155900,6.202792832,98.42,95.35,42.19,2.47609,0.0124433,8.44194,0.0001008,0.9998991,,
21N05253,32.0385,-85.47163,east,AL,Midway,,,M,5,26,,BB,BB,270100789,#5aae61,eastern,Y_21N05253,5030454600,4.451729735,98.16,94.98,43.92,0.503565,0.0492304,6.11501,0.000101,0.999899,,
22N00539,35.89417,-121.0747,?,CA,Jolon,,,M,5,5,,AA,AwAw,289160402,#004488,western,Y_22N00539,4311990600,3.815920885,98.33,95.16,42.67,2.267335,0.0414322,5.70359,0.9998985,0.0001015,,
22N00540,35.89417,-121.0747,?,CA,Jolon,,,M,6,15,,AA,AwAw,289160406,#004488,western,Y_22N00540,4963868700,4.392804159,98.01,94.63,45.11,0.42027,0.0394738,6.3,0.9998986,0.0001014,,
22N01599,45.26224,-118.0324,washington,OR,La Grande,,,F,7,2,,AA,AwAw,273148210,#004488,western,Y_22N01599,5318045400,4.706234867,97.92,94.44,46.34,0.339435,0.0241149,7.35193,0.9998985,0.0001015,,
22N01692,36.92778,-88.46417,east,KY,Benton,,,M,5,27,,BB,BB,282104709,#5aae61,eastern,Y_22N01692,6347265900,5.617049469,98.24,95.01,43.43,0.497415,0.0203961,7.74409,0.0001011,0.9998989,,
22N01693,36.92778,-88.46417,east,KY,Benton,,,M,5,27,,BB,BB,282104710,#5aae61,eastern,Y_22N01693,3345637200,2.960740885,97.96,94.63,43.96,0.18285,0.153958,3.59953,0.0001015,0.9998985,,
22N08103,39.49481,-105.0873,front_range,CO,Littleton,,,M,5,24,,AA,AwAw,289142564,#004488,western,Y_22N08103,5392165800,4.771828142,98.13,94.9,45.21,0.4069,0.0295686,6.97865,0.9690974,0.0309026,,
22N08104,39.49481,-105.0873,front_range,CO,Littleton,,,F,5,22,,AA,AwAw,283178914,#004488,western,Y_22N08104,5844066000,5.171739823,98.31,95.24,41.72,0.49179,0.0376898,7.04391,0.9529048,0.0470952,,
22N18784,40.57851,-105.1793,front_range,CO,Fort Collins,,,M,8,31,,AA,AwAw,133190500,#004488,western,Y_22N18784,5858809800,5.184787434,98.26,94.97,42.52,1.93889,0.0163586,7.42218,0.9771947,0.0228053,,
22N19127,40.24651,-80.04294,east,PA,Pittsburgh,,,M,6,21,,BB,BB,289143738,#5aae61,eastern,Y_22N19127,4825761600,4.270585487,98.17,94.96,43.8,0.525875,0.0458499,5.81839,0.0001007,0.9998993,,
23N01668,43.54217,-116.09756,idaho,ID,Boise,,,F,6,15,,AA,AwAw,23128165,#004488,western,Y_23N01668,4702445100,4.161455841,97.94,94.47,46.39,0.356975,0.0339797,6.53593,0.9998771,0.0001229,,
23N01669,43.54217,-116.09756,idaho,ID,Boise,,,M,6,6,,AA,AwAw,23138101,#004488,western,Y_23N01669,5552319600,4.913557168,98.17,94.95,43.6,0.491845,0.0298636,6.75368,0.9998984,0.0001016,,
23N02732,35.67293,-118.29076,interior_W,CA,Weldon,,,U,5,31,,AA,AwAw,NA,#004488,western,Y_23N02732,5244691200,4.641319646,98.17,94.99,43.47,0.469015,0.0389022,6.37808,0.9998987,0.0001013,,
23N03263,33.74164,-115.39421,S_coastal,CA,Desert Center,,Y,U,5,14,,AA,AwAw,NA,#004488,western,Y_23N03263,4108649400,3.63597292,98.08,94.74,48.06,0.22525,0.0809589,4.2892,0.9998985,0.0001015,Y - body feathers used,
23N06830,36.595,-82.18861,east,TN,Bristol,,,F,8,31,,BB,BB,244158805,#5aae61,eastern,Y_23N06830,6546179700,5.793079381,98.28,95.01,43.19,2.151945,0.217436,2.36879,0.0001015,0.9998985,,
23N08702,34.3,-118.3,S_coastal,CA,Los Angeles,,,M,5,5,,AA,AwAw,294181089,#004488,western,Y_23N08702,5512232700,4.878082035,98.18,94.93,43,0.642145,0.0292669,7.07654,0.9998989,0.0001012,,
23N10935,38.799,-109.205,interior_W,UT,NA,,,M,8,22,,AA,AwAw,270144802,#004488,western,Y_23N10935,7086781800,6.271488319,98.25,94.84,42.27,2.45702,0.0064409,8.92809,0.9998984,0.0001015,,
23N10936,38.799,-109.205,interior_W,UT,NA,,,U,8,22,,AA,AwAw,270144803,#004488,western,Y_23N10936,7190750700,6.363496195,98.25,95.06,43.75,0.9461,0.00559413,9.61451,0.9998984,0.0001016,,
23N10948,38.799,-109.205,interior_W,UT,NA,,,M,8,18,,AA,AwAw,273100300,#004488,western,Y_23N10948,8227411200,7.280894867,98.34,95.18,42.22,2.29145,0.00437437,9.94841,0.9998985,0.0001015,,
23N13886,41.70801,-103.67838,front_range_N,NE,Scotts Bluff,,,M,8,27,,AB,AwB,279115737,#004488,western,Y_23N13886,6870301500,6.079912832,98.13,94.65,42.86,2.147315,0.00745026,8.44618,0.9170026,0.0829975,,
23N13887,41.70801,-103.67838,front_range_N,NE,Scotts Bluff,,,M,8,27,,AB,AwB,279115738,#004488,western,Y_23N13887,6773826600,5.994536814,98.24,94.87,42.46,2.156305,0.00869945,8.71762,0.9212502,0.0787499,,
23N13888,42.70901,-103.02334,front_range_N,NE,Dawes,,,M,8,30,,AA,AwAw,283171729,#004488,western,Y_23N13888,7318745700,6.476766106,98.32,95.13,42.68,1.36636,0.00733402,9.23426,0.9473095,0.0526905,,
23N13891,38.54037,-104.46607,front_range,CO,El Paso,,,M,5,6,,AA,AwAw,283179291,#004488,western,Y_23N13891,3642043200,3.22304708,97.84,94.28,48.86,0.14165,0.102257,4.69598,0.9795255,0.0204745,,
23N13892,38.54037,-104.46607,front_range,CO,El Paso,,,M,5,9,,AA,AwAw,283179297,#004488,western,Y_23N13892,2704468200,2.39333469,97.79,94.16,48.83,0.16218,0.181407,3.27453,0.9707654,0.0292347,,
23N13894,39.9414,-104.75182,front_range,CO,Adams,,,M,8,24,,AA,AwAw,289179607,#004488,western,Y_23N13894,6611711400,5.851072035,98.26,95.08,43.34,1.07719,0.00906729,9.08016,0.9834442,0.0165558,,
23N15925,39.21592,-121.04174,coastal_N,CA,Grass Valley,,Y,F,7,9,,AA,AwAw,289131141,#004488,western,Y_23N15925,5051142000,4.470037168,97.97,94.45,45.9,0.39451,0.02451,7.15268,0.9998989,0.0001012,,
23N16049,33.50201,-86.80777,east,AL,Bimingham,,,U,5,3,,BB,BB,NA,#5aae61,eastern,Y_23N16049,6776679300,5.997061327,98.23,94.83,42.41,1.55308,0.0120041,7.99391,0.0001006,0.9998993,,
23N16087,32.0385,-85.47163,east,AL,Midway,,,F,6,2,,BB,BB,283159886,#5aae61,eastern,Y_23N16087,5116118400,4.527538407,98,94.56,44.7,0.45152,0.0332712,6.5925,0.0001013,0.9998987,,
23N16088,32.0385,-85.47163,east,AL,Midway,,,M,6,16,,BB,BB,283159889,#5aae61,eastern,Y_23N16088,4504824300,3.986570177,97.99,94.54,48.39,0.265615,0.0395966,6.05859,0.0055925,0.9944075,,
23N16089,32.0385,-85.47163,east,AL,Midway,,,F,7,6,,AB,AeB,283159900,#5aae61,eastern,Y_23N16089,3255552000,2.881019469,97.91,94.46,48.95,0.127965,0.117576,4.00881,0.0175817,0.9824183,,
23N16718,32.61,-96.5,contact,TX,Combine,,,M,8,22,,AB,AeB,292173756,#5aae61,eastern,Y_23N16718,7447110000,6.590362832,98.32,95.14,42.61,1.793135,0.00778205,8.90962,0.0332873,0.9667127,,
23N16719,32.61,-96.5,contact,TX,Combine,,,M,8,22,,BB,BB,292173757,#5aae61,eastern,Y_23N16719,8421469500,7.452627876,98.36,95.2,42.4,1.455485,0.00533076,9.96343,0.0044176,0.9955824,,
24N03582,40.57851,-105.1793,western,CO,Lory SP,,,M,5,15,,AA,AwAw,808161480,#004488,western,Y_24N03582,6855211800,6.066559115,98.39,95.39,42.68,0.51233,0.0109624,8.81864,0.9801716,0.0198284,,
24N06732,31.509643,-92.468988,east,LA,Bentley/Catahoula,,,M,5,23,,BB,BB,294166103,#5aae61,eastern,Y_24N06732,4559266800,4.034749381,98.05,94.66,44.3,0.454505,0.0458345,5.69623,0.0001014,0.9998986,,
24N06733,31.523394,-92.468866,east,LA,Bentley/Catahoula,,,M,5,24,,AB,AeB,294166104,#5aae61,eastern,Y_24N06733,3980543100,3.522604513,98.04,94.74,44.55,0.380545,0.0701775,4.78989,0.0286982,0.9713019,,
24N06734,31.893707,-92.803196,east,LA,Calvin/Winn,,,M,5,30,,AA,AeAe,294166105,#5aae61,eastern,Y_24N06734,4727672400,4.183780885,98.01,94.65,46.3,0.220125,0.0406251,5.93044,0.0253137,0.9746863,,
24N06735,31.898423,-92.782798,east,LA,Calvin/Winn,,,M,5,30,,AB,AeB,294166107,#5aae61,eastern,Y_24N06735,3991533900,3.532330885,98.01,94.66,48.61,0.265715,0.0742326,4.81291,0.0338694,0.9661306,,
24N06736,31.489485,-93.03553,east,LA,Derry/Kisatchie,,,M,6,7,,AA,AeAe,294166109,#5aae61,eastern,Y_24N06736,3863297100,3.418846991,97.82,94.35,49.3,0.77507,0.0686149,5.07046,0.0369788,0.9630212,,
24N06737,45.52802,-103.1781,western,SD,Reva Gap,,,F,6,11,,AA,AwAw,289191762,#004488,western,Y_24N06737,5150844900,4.558269823,98.2,94.99,43.64,3.763655,0.0279758,7.15313,0.9753144,0.0246856,,
24N06738,40.23148,-105.21459,western,CO,Lyons,,,U,5,20,,AB,AwB,289191730,#004488,western,Y_24N06738,6997623300,6.192586991,98.25,94.88,42.13,3.42225,0.00677564,8.98942,0.966266,0.033734,,
24N06739,40.23148,-105.21459,western,CO,Lyons,,,M,5,20,,AA,AwAw,289191731,#004488,western,Y_24N06739,7531174200,6.664755929,98.28,95,42.18,4.00019,0.0050718,9.54658,0.9973413,0.0026587,,
24N06740,40.23215,-105.21413,western,CO,Lyons,,,M,5,20,,AA,AwAw,289191732,#004488,western,Y_24N06740,7605234300,6.730295841,98.32,95.07,42.32,3.10391,0.00398151,9.59335,0.9938156,0.0061844,,
24N06741,40.23159,-105.21248,western,CO,Lyons,,,M,5,20,,AA,AwAw,289191733,#004488,western,Y_24N06741,6458680200,5.715646195,98.27,94.98,42.22,3.28002,0.01078,8.02365,0.9826364,0.0173636,,
24N06742,40.1973,-105.29255,western,CO,Lyons,,,M,5,20,,AA,AwAw,289191734,#004488,western,Y_24N06742,7421252400,6.56748,98.12,94.64,42.44,3.759295,0.00730091,8.80455,0.9715282,0.0284718,,
24N06743,40.07616,-105.05849,western,CO,Erie,,,M,5,21,,AA,AwAw,289191735,#004488,western,Y_24N06743,7353455400,6.507482655,98.19,94.81,42.15,3.673515,0.00654022,8.85157,0.9909177,0.0090822,,
24N06744,40.23084,-105.21205,western,CO,Lyons,,,M,5,21,,AA,AwAw,289191736,#004488,western,Y_24N06744,6356383200,5.625117876,98.23,94.86,42.39,4.03897,0.00790123,8.09502,0.9998985,0.0001015,,
24N06745,40.19903,-105.3044,western,CO,Lyons,,,M,5,22,,AA,AwAw,289191737,#004488,western,Y_24N06745,7130829300,6.310468407,98.27,94.95,41.9,4.02674,0.00696986,8.58633,0.9953912,0.0046088,,
24N06746,40.19585,-105.30576,western,CO,Lyons,,,M,5,22,,AA,AwAw,289191738,#004488,western,Y_24N06746,6427229400,5.687813628,98.12,94.5,41.77,2.97633,0.0122035,7.4998,0.9998984,0.0001016,,
24N06747,40.19454,-105.30594,western,CO,Lyons,,,M,5,22,,AA,AwAw,289191739,#004488,western,Y_24N06747,8074737600,7.145785487,98.13,94.66,44,1.93271,0.00435892,11.9635,0.9890722,0.0109278,,
24N06748,40.16249,-105.25769,western,CO,Altona,,,M,5,23,,AA,AwAw,289191740,#004488,western,Y_24N06748,5744394900,5.08353531,98.05,94.51,43.32,2.875905,0.0254451,9.45079,0.9781422,0.0218578,,
24N06749,38.66908,-100.91959,Contact,KS,Scott City,,,M,5,29,,AA,AwAw,289191741,#004488,western,Y_24N06749,7860083100,6.955825752,98.15,94.75,44.4,2.48139,0.00661305,11.9407,0.945326,0.054674,,
24N06750,38.67049,-100.91866,Contact,KS,Scott City,,,M,5,29,,AA,AwAw,289191742,#004488,western,Y_24N06750,7618674600,6.742189912,98.01,94.38,44.55,2.535495,0.0158451,10.0841,0.9312699,0.06873,,
24N06751,38.668,-100.92222,Contact,KS,Scott City,,,M,5,30,,AA,AwAw,289191744,#004488,western 1,Y_24N06751,8031374700,7.107411239,98.1,94.62,43.5,3.319055,0.00763271,9.62591,0.8842376,0.1157624,,
24N06752,38.66788,-100.92074,Contact,KS,Scott City,,,M,5,30,,AA,AwAw,289191745,#004488,western,Y_24N06752,7231189500,6.399282743,98.29,94.94,41.9,2.51718,0.00604142,8.86974,0.9558278,0.0441722,,
24N06753,38.12846,-97.85297,Contact,KS,Hutchinson,,,F,6,3,,AB,AwB,294128010,#df65a6,hybrid 2,Y_24N06753,7569740700,6.698885575,98.07,94.56,43.57,3.36995,0.0109514,10.6353,0.5741907,0.4258093,,
24N06754,38.12036,-97.85231,Contact,KS,Hutchinson,,,M,6,5,,AA,AwAw,289191746,#df65a6,hybrid 3,Y_24N06754,8369983200,7.407064779,98.24,94.89,42.24,2.93594,0.00364751,9.8866,0.6960195,0.3039805,,
24N06755,39.73151,-100.8154,Contact,KS,Atwood,,,M,6,7,,AA,AwAw,289191747,#004488,western,Y_24N06755,7531227900,6.664803451,98.36,95.21,42.32,4.48168,0.00392854,9.44228,0.9324232,0.0675769,,
24N06756,40.09328,-101.76205,Contact,NE,Parks,,,M,6,8,,AA,AwAw,289191749,#004488,western,Y_24N06756,6152513100,5.444701858,98.14,94.58,41.85,1.94886,0.0125228,7.28641,0.9402945,0.0597055,,
24N06757,40.08761,-101.76068,Contact,NE,Parks,,,M,6,8,,AA,AwAw,289191750,#004488,western,Y_24N06757,7836258000,6.934741593,98.38,95.19,42.3,3.749575,0.00394841,9.76697,0.9307149,0.0692851,,
24N06758,40.12546,-101.78421,Contact,NE,Parks,,,M,6,8,,AA,AwAw,289191751,#004488,western,Y_24N06758,6735193500,5.96034823,98.34,95.03,41.75,2.395975,0.00746865,8.11552,0.9539904,0.0460096,,
24N06759,42.69836,-103.57119,,NE,Crawford,,,M,6,9,,AA,AwAw,289191753,#004488,western,Y_24N06759,6866032800,6.076135221,98.14,94.56,41.79,1.8637,0.0122432,7.98151,0.9729569,0.0270431,,
24N06760,42.69888,-103.57166,,NE,Crawford,,,M,6,9,,AB,AwB,289191754,#004488,western,Y_24N06760,5176177200,4.580687788,98.02,94.34,43.26,2.17976,0.0238663,7.37146,0.9093149,0.090685,,
24N06761,42.69868,-103.57291,,NE,Crawford,,,M,6,9,,AA,AwAw,289191755,#004488,western,Y_24N06761,6888268500,6.095812832,98,94.43,45.34,1.314205,0.0199429,10.4638,0.9598817,0.0401182,,
24N06762,42.69977,-103.57425,,NE,Crawford,,,M,6,9,,AB,AwB,289191756,#004488,western,Y_24N06762,5938378500,5.255202212,97.76,93.8,45.4,0.70677,0.0474574,11.0629,0.914153,0.085847,,
24N06763,42.70202,-103.5761,,NE,Crawford,,,M,6,9,,AA,AwAw,289191757,#004488,western,Y_24N06763,6463270800,5.719708673,98.08,94.62,43.85,1.813025,0.0591945,12.6757,0.9097116,0.0902884,,
24N06764,38.08759,-102.53044,Contact,CO,West Farm,,,M,5,15,,AA,AwAw,282184652,#004488,western,Y_24N06764,7020229200,6.212592212,98.4,95.11,40.93,1.85726,0.0304712,9.06461,0.9450427,0.0549573,,
24N06765,40.838818,-102.81673,Contact,CO,Crook,,,M,5,27,,AA,AwAw,282184653,#004488,western,Y_24N06765,5421534000,4.797817699,98.07,94.42,42.69,2.72921,0.017969,7.06421,0.9463042,0.0536958,,
24N06766,40.93759,-102.47124,Contact,CO,Sedgwick,,,M,5,31,,AB,AwB,282184654,#004488,western,Y_24N06766,5526751800,4.890930796,98.11,94.5,41.64,4.36406,0.0284805,6.24343,0.9301686,0.0698314,,
24N06767,41.706042,-103.5743,Contact,NE,Melbeta,,,F,6,5,,AA,AwAw,282184655,#004488,western,Y_24N06767,6573542100,5.817293894,98.02,94.28,42.03,3.60319,0.0113508,8.03124,0.9869736,0.0130264,,
24N06768,41.706042,-103.5743,Contact,NE,Melbeta,,,M,6,5,,AA,AwAw,282184656,#004488,western,Y_24N06768,4922211600,4.355939469,98,94.26,42.25,1.589885,0.0356409,5.7981,0.9791119,0.0208882,,
24N06769,41.705925,-103.57476,Contact,NE,Melbeta,,,M,6,6,,AB,AwB,282184657,#004488,western,Y_24N06769,8150805000,7.21310177,98.11,94.46,41.46,1.165585,0.0065461,9.37926,0.922367,0.0776329,,
24N06770,43.32777,-103.44594,,SD,Angostura,,,M,6,10,,AB,AwB,289191758,#004488,western,Y_24N06770,11109989700,9.831849292,98.4,95.27,41.55,0.78881,0.00119769,12.9517,0.9538473,0.0461527,,
24N06771,43.31859,-103.44095,,SD,Angostura,,,M,6,10,,AB,AwB,289191759,#004488,western,Y_24N06771,11688584100,10.34387973,98.16,94.61,41.4,0.80789,0.00166117,12.8834,0.9430374,0.0569626,,
24N06772,43.31738,-103.44226,,SD,Angostura,,,M,6,10,,AA,AwAw,289191760,#004488,western,Y_24N06772,10309709700,9.123636903,98.14,94.65,42.35,1.52471,0.00463848,14.1515,0.9711657,0.0288343,,
24N06773,45.52802,-103.1781,,SD,Reva Gap,,,M,6,11,,AA,AwAw,289191763,#004488,western,Y_24N06773,6746536200,5.970386018,98.09,94.45,41.81,2.578265,0.0122513,8.00996,0.971005,0.0289949,,
24N06774,46.92583,-103.52152,,ND,Medora,,,M,6,12,,AA,AwAw,289191765,#004488,western,Y_24N06774,3692936100,3.268085044,97.91,93.95,42,2.236225,0.0652116,4.4189,0.9689259,0.0310742,,
24N06775,46.92584,-103.51052,,ND,Medora,,,M,6,12,,AA,AwAw,289191766,#004488,western,Y_24N06775,5809452300,5.14110823,98.13,94.64,42.19,1.91871,0.0191895,7.0313,0.9655306,0.0344694,,
24N06776,46.94107,-103.53071,,ND,Medora,,,M,6,12,,AA,AwAw,289191767,#004488,western,Y_24N06776,6016848900,5.324645044,98.19,94.7,42.6,2.90613,0.0136543,8.15237,0.9613068,0.0386933,,
24N06777,46.95193,-103.49447,,ND,Medora,,,M,6,12,,AA,AwAw,289191768,#004488,western,Y_24N06777,6622981200,5.86104531,98.38,95.18,41.21,3.809295,0.010766,7.6951,0.9507593,0.0492407,,
24N06778,46.96375,-103.4896,,ND,Medora,,,M,6,13,,AB,AwB,289191769,#004488,western,Y_24N06778,6810374700,6.026880265,98.39,95.2,41.1,3.14426,0.0105732,7.90583,0.9502231,0.0497768,,
24N06779,40.78683,-77.9484,eastern,PA,Scotia,,,M,5,6,,BB,BB,289191727,#5aae61,eastern,Y_24N06779,5265248700,4.659512124,98.02,94.32,42.29,1.72256,0.0305735,6.06634,0.0038246,0.9961754,,
24N06780,40.78356,-77.94736,eastern,PA,Scotia,,,M,5,8,,BB,BB,289191729,#5aae61,eastern,Y_24N06780,6419210700,5.680717434,98.12,94.58,42.15,3.050095,0.0162402,7.26867,0.0074692,0.9925308,,
24N06781,30.538742,-95.551715,,TX,Huntsville,,,M,6,1,,AA,AeAe,294128002,#5aae61,eastern,Y_24N06781,4684679400,4.145733982,97.97,94.09,41.9,3.012455,0.0442454,5.41587,0.0821192,0.9178809,,
24N06782,30.539252,-95.55349,,TX,Huntsville,,,M,6,1,,AA,AeAe,289191702,#5aae61,eastern,Y_24N06782,5038287600,4.458661593,98.09,94.38,41.48,3.044735,0.0351686,5.49949,0.0367869,0.9632131,,
24N06783,30.557359,-95.641603,,TX,Huntsville,,,M,6,2,,AB,AeB,289191706,#5aae61,eastern,Y_24N06783,6777799800,5.99805292,98.43,95.31,41.12,3.1954,0.0116083,7.70721,0.0361216,0.9638784,,
24N06784,34.071637,-94.643631,,OK,Broken Bow,,,M,6,5,,AB,AeB,289191709,#5aae61,eastern,Y_24N06784,5909188500,5.229370354,98.32,95.04,41.32,3.033025,0.0186061,6.70172,0.0236451,0.9763549,,
24N06785,34.546091,-95.344616,,OK,Clayton,,,M,6,6,,AA,AeAe,289191711,#5aae61,eastern,Y_24N06785,6577070400,5.820416283,98.46,95.4,41.02,2.88679,0.0141531,7.19058,0.0736683,0.9263316,,
24N06786,38.127536,-97.854052,contact,KS,Hutchinson,,,M,6,10,,AA,AeAw,289191717,#df65a6,hybrid 4,Y_24N06786,7151901600,6.32911646,98.34,95.02,41.07,3.119865,0.0108977,8.05132,0.8801437,0.1198563,,
24N06787,39.085543,-96.565184,eastern,KS,Manhattan,,,M,6,11,,BB,BB,289191719,#5aae61,eastern,Y_24N06787,7179817200,6.353820531,98.45,95.39,41.1,2.17047,0.010596,7.89799,0.0001014,0.9998986,,
24N06788,38.880117,-94.90558,eastern,KS,Olathe,,,M,6,14,,BB,BB,289191724,#5aae61,eastern,Y_24N06788,6308277300,5.582546283,98.25,94.88,41.95,2.60754,0.0157774,7.28248,0.0001005,0.9998994,,
24N06790,32.607293,-86.569899,eastern,AL,Browntown,,,M,6,8,,AB,AeB,283161423,#5aae61,eastern,Y_24N06790,4262757000,3.772351327,98.1,94.81,46.2,0.838015,0.0582491,5.02705,0.0248577,0.9751422,,
24N06791,32.607293,-86.569899,eastern,AL,Browntown,,,F,6,8,,BB,BB,283161424,#5aae61,eastern,Y_24N06791,6492401400,5.745487965,98.39,95.32,42.06,0.37797,0.0199753,7.55266,0.000101,0.999899,,
24N06792,32.607293,-86.569899,eastern,AL,Browntown,,,M,6,8,,BB,BB,283161425,#5aae61,eastern,Y_24N06792,5042782500,4.462639381,98.25,95.13,44.44,0.557555,0.0422686,5.71453,0.007259,0.992741,,
24N06793,32.607293,-86.569899,eastern,AL,Browntown,,,F,6,16,,AB,AeB,283161431,#5aae61,eastern,Y_24N06793,3299715600,2.920102301,98.03,94.65,44.03,0.56215,0.110972,4.13643,0.0460859,0.9539141,,
24N06794,32.607293,-86.569899,eastern,AL,Browntown,,,M,6,29,,BB,BB,289159004,#5aae61,eastern,Y_24N06794,3235473300,2.863250708,98.29,95.26,44.05,0.31109,0.113802,3.94297,0.0001012,0.9998988,,
24N06795,32.607293,-86.569899,eastern,AL,Browntown,,,M,6,8,,BB,BB,289159014,#5aae61,eastern,Y_24N06795,3372615300,2.98461531,98.02,94.68,45.99,0.88725,0.103448,4.18293,0.0161229,0.9838771,,
24N06796,32.607293,-86.569899,eastern,AL,Browntown,,,M,6,8,,BB,BB,289159019,#5aae61,eastern,Y_24N06796,6483909900,5.737973363,98.37,95.21,42.12,0.50672,0.0170642,7.59018,0.0001009,0.9998991,,
24N06797,32.607293,-86.569899,eastern,AL,Browntown,,,M,6,29,,BB,BB,289159023,#5aae61,eastern,Y_24N06797,2636929500,2.333565929,97.91,94.58,47.06,0.52908,0.154133,3.3733,0.0149526,0.9850475,,
24N06798,32.607293,-86.569899,eastern,AL,Browntown,,,F,7,6,,BB,BB,289159026,#5aae61,eastern,Y_24N06798,3942584400,3.489012743,98.09,94.76,46.01,0.194745,0.0441432,5.40681,0.0001012,0.9998988,,
24N06799,40.57851,-105.1793,western,CO,Lory SP,,,U,5,15,,AA,AwAw,282120824,#004488,western,Y_24N06799,1883898600,1.667166903,97.85,94.37,49.02,0.330675,0.247825,2.53772,0.9468611,0.0531389,,
24N06800,40.57851,-105.1793,western,CO,Lory SP,,,U,5,17,,AA,AwAw,282120827,#004488,western,Y_24N06800,3302837700,2.922865221,97.96,94.63,43.97,0.460305,0.122361,3.97228,0.9721384,0.0278616,,
24N06801,40.57851,-105.1793,western,CO,Lory SP,,,F,5,17,,AA,AwAw,282120828,#004488,western,Y_24N06801,4483701900,3.967877788,97.98,94.6,46.16,2.23933,0.0370652,6.39373,0.9784665,0.0215336,,
24N06802,40.57851,-105.1793,western,CO,Lory SP,,,M,5,10,,AA,AwAw,133190509,#004488,western,Y_24N06802,7070930700,6.257460796,98.36,95.25,42.92,1.15789,0.00631289,9.33257,0.9849421,0.015058,,
24N11957,40.57851,-105.1793,western,CO,Lory SP,,,M,6,21,,AA,AwAw,273159930,#004488,western,Y_24N11957,5264289900,4.658663628,98.06,94.39,41.92,2.468915,0.0297422,6.05256,0.9896322,0.0103678,,
24N12014,37.810235,-84.75956,eastern,KY,Mercer County,,,F,5,24,,BB,BB,274142265,#5aae61,eastern,Y_24N12014,5410350900,4.78792115,98.2,94.94,43.25,0.52799,0.0356938,6.31026,0.0001015,0.9998985,,
24N12015,37.810235,-84.75956,eastern,KY,Mercer County,,,U,7,2,,BB,BB,274142281,#5aae61,eastern,Y_24N12015,7518439500,6.653486283,98.24,94.96,42.9,1.448095,0.00879803,8.75031,0.0071867,0.9928133,,
24N12016,37.810235,-84.75956,eastern,KY,Mercer County,,,F,7,19,,BB,BB,274142282,#5aae61,eastern,Y_24N12016,6557728200,5.803299292,98.22,94.99,43.39,0.78826,0.0156001,7.76129,0.0001015,0.9998985,,
24N12017,37.810235,-84.75956,eastern,KY,Mercer County,,,M,6,26,,BB,BB,294142277,#5aae61,eastern,Y_24N12017,6451029900,5.708876018,98.26,95.09,42.88,0.178,0.0211266,7.24437,0.000101,0.999899,,
24N12082,24.371861,-110.98072,western,Baja California Sur,,,,M,7,9,,AA,AwAw,,#004488,western,Y_24N12082,5955262800,5.270144071,98.16,94.69,42.54,1.094145,0.0118482,7.6562,0.9998987,0.0001013,,
24N12085,19.55,-101.583,western,Michoacan,,,,F,7,29,,AA,AwAw,,#004488,western,Y_24N12085,5668237800,5.016139646,98.33,95.16,42.42,1.06201,0.0765765,6.73861,0.8551725,0.1448275,,
24N12086,19.738611,-96.507778,eastern,Veracruz,,,,U,7,15,,AA,AwAw,,#004488,western,Y_24N12086,6229941000,5.513222124,98.11,94.74,45.2,0.56881,0.0136241,8.79464,0.9998984,0.0001016,,
24N12089,26.275,-108.795,western,Sinaloa,,,,U,8,1,,AA,AwAw,,#004488,western,Y_24N12089,5460474900,4.832278673,98.35,95.18,41.86,2.98922,0.0323178,6.62899,0.9998984,0.0001016,,
24N12090,26.275,-108.795,western,Sinaloa,,,,U,7,17,,AA,AwAw,,#004488,western,Y_24N12090,5422035300,4.798261327,98.41,95.38,41.68,1.71502,0.075879,6.1312,0.9973043,0.0026958,,
24N12091,26.305,-108.80833,western,Sinaloa,,,,F,6,20,,AA,AwAw,,#004488,western,Y_24N12091,6855217800,6.066564425,98.39,95.24,41.13,2.12048,0.0092181,8.26142,0.9998983,0.0001017,,
24N12093,49.155472,-119.5622,western,British Columbia,Oliver,,,M,6,29,,AA,AwAw,193129264,#004488,western,Y_24N12093,5996493900,5.30663177,98.08,94.4,41.95,2.107165,0.0152588,7.42836,0.9998987,0.0001013,,
24N12094,49.091554,-119.53559,western,British Columbia,,,,M,6,24,,AA,AwAw,224136769,#004488,western,Y_24N12094,6367034100,5.634543451,98.22,94.84,42.15,2.832225,0.0149101,7.48488,0.9998989,0.0001011,,
24N12095,49.105428,-119.55063,western,British Columbia,,,,M,6,26,,AA,AwAw,224136783,#004488,western,Y_24N12095,5005694400,4.429818053,98,94.24,42.32,2.83132,0.0280942,5.9689,0.9998988,0.0001012,,
24N12096,49.487007,-119.61655,western,British Columbia,Penticton,,,F,7,10,,AA,AwAw,224136794,#004488,western,Y_24N12096,6264479700,5.543787345,98.32,95.08,41.72,1.81498,0.014184,7.69688,0.9998985,0.0001015,,
24N12097,49.093729,-119.53857,western,British Columbia,,,,F,6,19,,AA,AwAw,224136816,#004488,western,Y_24N12097,6885418500,6.093290708,98.23,94.86,41.9,2.44256,0.00950943,8.32405,0.9998987,0.0001012,,
24N12098,49.098996,-119.54285,western,British Columbia,,,,F,6,19,,AA,AwAw,224136817,#004488,western,Y_24N12098,7448209800,6.591336106,98.35,95.13,41.48,2.802845,0.00676754,8.94031,0.9998989,0.0001011,,
24N12099,49.105428,-119.55063,western,British Columbia,,,,F,6,26,,AA,AwAw,224136834,#004488,western,Y_24N12099,7403140800,6.551452035,98.27,94.97,41.63,3.5712,0.00756429,8.83465,0.9998988,0.0001012,,
24N12100,49.106312,-119.55583,western,British Columbia,,,,F,6,26,,AA,AwAw,224136835,#004488,western,Y_24N12100,6424369200,5.685282478,98.2,94.76,41.96,2.3026,0.0127979,7.71419,0.9998987,0.0001013,,
24N12101,49.012007,-117.60006,western,British Columbia,Trail,,,M,6,26,,AA,AwAw,224136841,#004488,western,Y_24N12101,6326540400,5.598708319,98.15,94.62,42.01,2.598945,0.0143745,7.4945,0.9998987,0.0001013,,
24N12102,49.156009,-119.56154,western,British Columbia,Oliver,,,F,6,29,,AA,AwAw,224136847,#004488,western,Y_24N12102,7681389300,6.797689646,98.24,94.86,41.94,2.81292,0.00593843,9.04391,0.9998989,0.0001012,,
24N12103,49.487007,-119.61655,western,British Columbia,Penticton,,,M,7,10,,AA,AwAw,224136859,#004488,western,Y_24N12103,7418354400,6.564915398,98.37,95.19,41.39,2.512185,0.0070986,8.47662,0.9998988,0.0001012,,
24N12104,49.097736,-119.54372,western,British Columbia,,,,F,7,16,,AA,AwAw,224136868,#004488,western,Y_24N12104,6053427300,5.35701531,98.21,94.81,41.92,0.43621,0.0174975,7.34547,0.9998989,0.0001011,,
24N12105,49.105485,-119.55253,western,British Columbia,,,,F,7,3,,AB,AwB,224138004,#004488,western,Y_24N12105,5675882100,5.022904513,98.01,94.24,42.17,1.621975,0.0181581,6.91448,0.9862156,0.0137844,,
24N12106,49.487618,-119.61658,western,British Columbia,Penticton,,,M,7,10,,AA,AwAw,224138418,#004488,western,Y_24N12106,6598310700,5.839213009,98.25,94.86,41.73,0.510835,0.0113428,7.60656,0.9998987,0.0001013,,
24N12107,49.093729,-119.53857,western,British Columbia,,,,M,7,19,,AA,AwAw,224138423,#004488,western,Y_24N12107,5409407100,4.787085929,98,94.2,42.13,0.66701,0.0231836,6.27019,0.9998987,0.0001013,,
YBCH1,30.310074,-97.593079,Eastern,TX,Ausin,,,M,5,,23E29J01,BB,BB,294128001,#5aae61,eastern,,7310837361,6.469767576,,,,,0.00830365,8.36515,0.0001005,0.9998995,,
YBCH3,30.533706,-95.552133,Eastern,TX,Huntsville,,,M,6,,23F01J01,AB,AeB,289191701,#5aae61,eastern,,5479708357,4.849299431,,,,,0.017357,6.07102,0.0210423,0.9789577,,
YBCH5,30.545919,-95.583676,Eastern,TX,Huntsville,,,M,6,,23F01A02,AB,AeB,294128004,#5aae61,eastern,,3705516055,3.279217748,,,,,0.0582021,4.02383,0.0157981,0.9842019,,
YBCH7,30.539837,-95.657882,Eastern,TX,Huntsville,,,M,6,,23F02J01,AA,AeAe,289191703,#5aae61,eastern,,3858901072,3.414956701,,,,,0.0562142,4.1612,0.0001008,0.9998992,,
YBCH6,30.552398,-95.64674,Eastern,TX,Huntsville,,,M,6,,23F02A01,BB,BB,289191704,#5aae61,eastern,,4359054256,3.857570138,,,,,0.0410783,4.76264,0.0904132,0.9095868,,
YBCH8,30.553504,-95.642479,Eastern,TX,Huntsville,,,M,6,,23F02J02,AA,AeAe,289191705,#5aae61,eastern,,4213302964,3.728586694,,,,,0.0431029,4.40834,0.0391454,0.9608546,,
YBCH11,34.070471,-94.643301,Eastern,OK,Broken Bow,,,M,6,,23F05A01,AB,AeB,289191708,#5aae61,eastern,,4689864556,4.150322616,,,,,0.0318977,5.01912,0.0120332,0.9879667,,
YBCH12,34.077209,-94.649573,Eastern,OK,Broken Bow,,,M,6,,23F05A02,BB,BB,289191710,#5aae61,eastern,,6356154403,5.624915401,,,,,0.0121675,7.01986,0.0215811,0.9784189,,
YBCH14,34.538336,-95.34979,Eastern,OK,Clayton,,,M,6,,23F06A01,AB,AeB,289191712,#5aae61,eastern,,6339222737,5.609931626,,,,,0.0154111,6.96111,0.0085326,0.9914674,,
YBCH15,34.532455,-95.353284,Eastern,OK,Clayton,,,M,6,,23F06J02,BB,BB,289191713,#5aae61,eastern,,8329502542,7.371241188,,,,,0.00445309,8.75936,0.0001006,0.9998994,,
YBCH16,34.532455,-95.353284,Eastern,OK,Clayton,,,M,6,,23F06A02,BB,BB,289191714,#5aae61,eastern,,9518615002,8.423553099,,,,,0.0022453,10.6916,0.0001016,0.9998984,,
YBCH17,35.081087,-97.235021,Eastern,OK,Slaughterville,,,M,6,,23F08J01,AA,AeAe,289191715,#5aae61,eastern,,6512503255,5.763277217,,,,,0.0143576,7.13099,0.0865795,0.9134205,,
YBCH18,38.128486,-97.852969,Hybrid,KS,Hutchinson,,,M,6,,23F10A01,AA,AwAw,289191716,#df65a6,hybrid 5,,6759849543,5.982167737,,,,,0.0113214,7.55159,0.7468833,0.2531167,,
YBCH20,38.12814,-97.852481,Hybrid,KS,Hutchinson,,,M,6,,23F10A02,AB,AwB,289191718,#df65a6,hybrid 6,,5636753180,4.98827715,,,,,0.0169729,6.14754,0.5097497,0.4902504,,
YBCH22,39.210025,-95.811014,Eastern,KS,Grove,,,M,6,,23F12A01,AB,AeB,289191720,#5aae61,eastern,,7882355067,6.975535458,,,,,0.00807779,8.85387,0.0004079,0.9995921,,
YBCH23,38.88202,-94.903304,Eastern,KS,Olathe,,,M,6,,23F14J01,BB,BB,289191721,#5aae61,eastern,,5921300086,5.240088572,,,,,0.0161343,6.50338,0.000101,0.999899,,
YBCH24,38.88202,-94.903304,Eastern,KS,Olathe,,,F,6,,23F14A01,AB,AeB,289191722,#5aae61,eastern,,3694648389,3.269600344,,,,,0.0639374,4.38032,0.0001011,0.9998989,,
YBCH26,38.880117,-94.90558,Eastern,KS,Olathe,,,M,6,,23F14J02,BB,BB,289191724,#5aae61,eastern,,3100419569,2.743734132,,,,,0.085813,3.51357,0.0001016,0.9998984,,
YBCH27,40.85,-74.52,Eastern,NJ,Denville,,,M,8,23,CU51660,BB,BB,,#5aae61,eastern,,5029957899,4.451290176,,,,,0.0287343,5.79885,0.0001004,0.9998996,,
YBCH28,37.697289,-92.146359,Eastern,MO,Fort Leonard Wood,,,F,5,31,CU52986,AB,AeB,,#5aae61,eastern,,4158001978,3.679647768,,,,,0.0573568,4.88988,0.000101,0.999899,,
YBCH29,37.697289,-92.14636,Eastern,MO,Fort Leonard Wood,,,M,6,29,CU52988,BB,BB,,#5aae61,eastern,,5883428843,5.206574197,,,,,0.0200378,6.77154,0.0001002,0.9998997,,
YBCH31,39.206089,-75.96993,Eastern,MD,Foreman's Branch,,,U,,,,BB,BB,,#5aae61,eastern,,5392310178,4.77195591,,,,,0.0229202,6.02698,0.0001007,0.9998993,,
YBCH32,39.206089,-75.96993,Eastern,MD,Foreman's Branch,,,U,,,,BB,BB,,#5aae61,eastern,,6140311859,5.4339043,,,,,0.0135719,7.01162,0.000101,0.999899,,
,,,,,,,,,,,,,,,,,,,,,,,,,,,,,
,,,,,,,,,,,,,,,,,,5664022572,5.012409356,,,,,,,,,,
,,,,,,,,,,,,,,,,,,,,,,,,,6.413630553,,,,
,,,,,,,,,,,,,,,,,,,,,,,,,,,,,
,,,,,,,,,,,,,,,,,,,4.571700306,,,,,,,,,,
,,,,,,,,,,,,,,,,,,,,,,,,,,,,,
,,,,,,,,,,,,,,,,,,,,,,,,,,,,,
,,,,,,,,,,,,,,,,,,,,,,,,,,,,,
,,,,,,,,,,,,,,,,,,,,,,,,,,,,,
,,,,,,,,,,,,,,,,,,,,,,,,,,,,,
,,,,,,,,,,,,,,,,,,,,,,,,,,,,,
,,,,,,,,,,,,,,,,,,,,,,,,,,,,,
,,,,,,,,,,,,,,,,,,,,,,,,,,,,,
,,,,,,,,,,,,,,,,,,,,,,,,,,,,,
,,,,,,,,,,,,,,,,,,,,,,,,,,,,,
,,,,,,,,,,,,,,,,,,,,,,,,,,,,,
,,,,,,,,,,,,,,,,,,,,,,,,,,,,,
,,,,,,,,,,,,,,,,,,,,,,,,,,,,,
,,,,,,,,,,,,,,,,,,,,,,,,,,,,,
,,,,,,,,,,,,,,,,,,,,,,,,,,,,,
,,,,,,,,,,,,,,,,,,,,,,,,,,,,,
,,,,,,,,,,,,,,,,,,,,,,,,,,,,,
,,,,,,,,,,,,,,,,,,,,,,,,,,,,,
,,,,,,,,,,,,,,,,,,,,,,,,,,,,,
,,,,,,,,,,,,,,,,,,,,,,,,,,,,,
,,,,,,,,,,,,,,,,,,,,,,,,,,,,,
,,,,,,,,,,,,,,,,,,,,,,,,,,,,,
,,,,,,,,,,,,,,,,,,,,,,,,,,,,,
,,,,,,,,,,,,,,,,,,,,,,,,,,,,,
,,,,,,,,,,,,,,,,,,,,,,,,,,,,,
,,,,,,,,,,,,,,,,,,,,,,,,,,,,,
,,,,,,,,,,,,,,,,,,,,,,,,,,,,,
,,,,,,,,,,,,,,,,,,,,,,,,,,,,,
,,,,,,,,,,,,,,,,,,,,,,,,,,,,,
,,,,,,,,,,,,,,,,,,,,,,,,,,,,,
,,,,,,,,,,,,,,,,,,,,,,,,,,,,,
,,,,,,,,,,,,,,,,,,,,,,,,,,,,,
,,,,,,,,,,,,,,,,,,,,,,,,,,,,,
,,,,,,,,,,,,,,,,,,,,,,,,,,,,,
,,,,,,,,,,,,,,,,,,,,,,,,,,,,,
,,,,,,,,,,,,,,,,,,,,,,,,,,,,,
,,,,,,,,,,,,,,,,,,,,,,,,,,,,,
,,,,,,,,,,,,,,,,,,,,,,,,,,,,,
,,,,,,,,,,,,,,,,,,,,,,,,,,,,,
,,,,,,,,,,,,,,,,,,,,,,,,,,,,,
,,,,,,,,,,,,,,,,,,,,,,,,,,,,,
,,,,,,,,,,,,,,,,,,,,,,,,,,,,,
,,,,,,,,,,,,,,,,,,,,,,,,,,,,,
,,,,,,,,,,,,,,,,,,,,,,,,,,,,,
,,,,,,,,,,,,,,,,,,,,,,,,,,,,,
,,,,,,,,,,,,,,,,,,,,,,,,,,,,,
,,,,,,,,,,,,,,,,,,,,,,,,,,,,,
,,,,,,,,,,,,,,,,,,,,,,,,,,,,,
,,,,,,,,,,,,,,,,,,,,,,,,,,,,,
,,,,,,,,,,,,,,,,,,,,,,,,,,,,,
,,,,,,,,,,,,,,,,,,,,,,,,,,,,,
,,,,,,,,,,,,,,,,,,,,,,,,,,,,,
,,,,,,,,,,,,,,,,,,,,,,,,,,,,,
,,,,,,,,,,,,,,,,,,,,,,,,,,,,,
,,,,,,,,,,,,,,,,,,,,,,,,,,,,,
,,,,,,,,,,,,,,,,,,,,,,,,,,,,,
,,,,,,,,,,,,,,,,,,,,,,,,,,,,,
,,,,,,,,,,,,,,,,,,,,,,,,,,,,,
,,,,,,,,,,,,,,,,,,,,,,,,,,,,,
,,,,,,,,,,,,,,,,,,,,,,,,,,,,,
,,,,,,,,,,,,,,,,,,,,,,,,,,,,,
,,,,,,,,,,,,,,,,,,,,,,,,,,,,,
,,,,,,,,,,,,,,,,,,,,,,,,,,,,,
,,,,,,,,,,,,,,,,,,,,,,,,,,,,,
,,,,,,,,,,,,,,,,,,,,,,,,,,,,,
,,,,,,,,,,,,,,,,,,,,,,,,,,,,,
,,,,,,,,,,,,,,,,,,,,,,,,,,,,,
,,,,,,,,,,,,,,,,,,,,,,,,,,,,,
,,,,,,,,,,,,,,,,,,,,,,,,,,,,,
,,,,,,,,,,,,,,,,,,,,,,,,,,,,,
,,,,,,,,,,,,,,,,,,,,,,,,,,,,,
,,,,,,,,,,,,,,,,,,,,,,,,,,,,,
,,,,,,,,,,,,,,,,,,,,,,,,,,,,,
,,,,,,,,,,,,,,,,,,,,,,,,,,,,,
,,,,,,,,,,,,,,,,,,,,,,,,,,,,,
,,,,,,,,,,,,,,,,,,,,,,,,,,,,,
,,,,,,,,,,,,,,,,,,,,,,,,,,,,,
,,,,,,,,,,,,,,,,,,,,,,,,,,,,,
,,,,,,,,,,,,,,,,,,,,,,,,,,,,,
,,,,,,,,,,,,,,,,,,,,,,,,,,,,,
,,,,,,,,,,,,,,,,,,,,,,,,,,,,,
,,,,,,,,,,,,,,,,,,,,,,,,,,,,,
,,,,,,,,,,,,,,,,,,,,,,,,,,,,,
,,,,,,,,,,,,,,,,,,,,,,,,,,,,,
,,,,,,,,,,,,,,,,,,,,,,,,,,,,,
,,,,,,,,,,,,,,,,,,,,,,,,,,,,,
,,,,,,,,,,,,,,,,,,,,,,,,,,,,,
,,,,,,,,,,,,,,,,,,,,,,,,,,,,,
,,,,,,,,,,,,,,,,,,,,,,,,,,,,,
,,,,,,,,,,,,,,,,,,,,,,,,,,,,,
,,,,,,,,,,,,,,,,,,,,,,,,,,,,,
,,,,,,,,,,,,,,,,,,,,,,,,,,,,,
,,,,,,,,,,,,,,,,,,,,,,,,,,,,,
,,,,,,,,,,,,,,,,,,,,,,,,,,,,,
,,,,,,,,,,,,,,,,,,,,,,,,,,,,,
,,,,,,,,,,,,,,,,,,,,,,,,,,,,,
,,,,,,,,,,,,,,,,,,,,,,,,,,,,,
,,,,,,,,,,,,,,,,,,,,,,,,,,,,,
,,,,,,,,,,,,,,,,,,,,,,,,,,,,,
,,,,,,,,,,,,,,,,,,,,,,,,,,,,,
,,,,,,,,,,,,,,,,,,,,,,,,,,,,,
,,,,,,,,,,,,,,,,,,,,,,,,,,,,,
,,,,,,,,,,,,,,,,,,,,,,,,,,,,,
,,,,,,,,,,,,,,,,,,,,,,,,,,,,,
,,,,,,,,,,,,,,,,,,,,,,,,,,,,,
,,,,,,,,,,,,,,,,,,,,,,,,,,,,,
,,,,,,,,,,,,,,,,,,,,,,,,,,,,,
,,,,,,,,,,,,,,,,,,,,,,,,,,,,,
,,,,,,,,,,,,,,,,,,,,,,,,,,,,,
,,,,,,,,,,,,,,,,,,,,,,,,,,,,,
,,,,,,,,,,,,,,,,,,,,,,,,,,,,,
,,,,,,,,,,,,,,,,,,,,,,,,,,,,,
,,,,,,,,,,,,,,,,,,,,,,,,,,,,,
,,,,,,,,,,,,,,,,,,,,,,,,,,,,,
,,,,,,,,,,,,,,,,,,,,,,,,,,,,,
,,,,,,,,,,,,,,,,,,,,,,,,,,,,,
,,,,,,,,,,,,,,,,,,,,,,,,,,,,,
,,,,,,,,,,,,,,,,,,,,,,,,,,,,,
,,,,,,,,,,,,,,,,,,,,,,,,,,,,,
,,,,,,,,,,,,,,,,,,,,,,,,,,,,,
,,,,,,,,,,,,,,,,,,,,,,,,,,,,,
,,,,,,,,,,,,,,,,,,,,,,,,,,,,,
,,,,,,,,,,,,,,,,,,,,,,,,,,,,,
,,,,,,,,,,,,,,,,,,,,,,,,,,,,,
,,,,,,,,,,,,,,,,,,,,,,,,,,,,,
,,,,,,,,,,,,,,,,,,,,,,,,,,,,,
,,,,,,,,,,,,,,,,,,,,,,,,,,,,,
,,,,,,,,,,,,,,,,,,,,,,,,,,,,,
,,,,,,,,,,,,,,,,,,,,,,,,,,,,,
,,,,,,,,,,,,,,,,,,,,,,,,,,,,,
,,,,,,,,,,,,,,,,,,,,,,,,,,,,,
,,,,,,,,,,,,,,,,,,,,,,,,,,,,,
,,,,,,,,,,,,,,,,,,,,,,,,,,,,,
,,,,,,,,,,,,,,,,,,,,,,,,,,,,,
,,,,,,,,,,,,,,,,,,,,,,,,,,,,,
,,,,,,,,,,,,,,,,,,,,,,,,,,,,,
,,,,,,,,,,,,,,,,,,,,,,,,,,,,,
,,,,,,,,,,,,,,,,,,,,,,,,,,,,,
,,,,,,,,,,,,,,,,,,,,,,,,,,,,,
,,,,,,,,,,,,,,,,,,,,,,,,,,,,,
,,,,,,,,,,,,,,,,,,,,,,,,,,,,,
,,,,,,,,,,,,,,,,,,,,,,,,,,,,,
,,,,,,,,,,,,,,,,,,,,,,,,,,,,,
,,,,,,,,,,,,,,,,,,,,,,,,,,,,,
,,,,,,,,,,,,,,,,,,,,,,,,,,,,,
,,,,,,,,,,,,,,,,,,,,,,,,,,,,,
,,,,,,,,,,,,,,,,,,,,,,,,,,,,,
,,,,,,,,,,,,,,,,,,,,,,,,,,,,,
,,,,,,,,,,,,,,,,,,,,,,,,,,,,,
,,,,,,,,,,,,,,,,,,,,,,,,,,,,,
,,,,,,,,,,,,,,,,,,,,,,,,,,,,,
,,,,,,,,,,,,,,,,,,,,,,,,,,,,,
,,,,,,,,,,,,,,,,,,,,,,,,,,,,,
,,,,,,,,,,,,,,,,,,,,,,,,,,,,,
,,,,,,,,,,,,,,,,,,,,,,,,,,,,,
,,,,,,,,,,,,,,,,,,,,,,,,,,,,,
,,,,,,,,,,,,,,,,,,,,,,,,,,,,,
,,,,,,,,,,,,,,,,,,,,,,,,,,,,,
,,,,,,,,,,,,,,,,,,,,,,,,,,,,,
,,,,,,,,,,,,,,,,,,,,,,,,,,,,,
,,,,,,,,,,,,,,,,,,,,,,,,,,,,,
,,,,,,,,,,,,,,,,,,,,,,,,,,,,,
,,,,,,,,,,,,,,,,,,,,,,,,,,,,,
,,,,,,,,,,,,,,,,,,,,,,,,,,,,,
,,,,,,,,,,,,,,,,,,,,,,,,,,,,,
,,,,,,,,,,,,,,,,,,,,,,,,,,,,,
,,,,,,,,,,,,,,,,,,,,,,,,,,,,,
,,,,,,,,,,,,,,,,,,,,,,,,,,,,,
,,,,,,,,,,,,,,,,,,,,,,,,,,,,,
,,,,,,,,,,,,,,,,,,,,,,,,,,,,,
,,,,,,,,,,,,,,,,,,,,,,,,,,,,,
,,,,,,,,,,,,,,,,,,,,,,,,,,,,,
,,,,,,,,,,,,,,,,,,,,,,,,,,,,,
,,,,,,,,,,,,,,,,,,,,,,,,,,,,,
,,,,,,,,,,,,,,,,,,,,,,,,,,,,,
,,,,,,,,,,,,,,,,,,,,,,,,,,,,,
,,,,,,,,,,,,,,,,,,,,,,,,,,,,,
,,,,,,,,,,,,,,,,,,,,,,,,,,,,,
,,,,,,,,,,,,,,,,,,,,,,,,,,,,,
,,,,,,,,,,,,,,,,,,,,,,,,,,,,,
,,,,,,,,,,,,,,,,,,,,,,,,,,,,,
,,,,,,,,,,,,,,,,,,,,,,,,,,,,,
,,,,,,,,,,,,,,,,,,,,,,,,,,,,,
,,,,,,,,,,,,,,,,,,,,,,,,,,,,,
,,,,,,,,,,,,,,,,,,,,,,,,,,,,,
,,,,,,,,,,,,,,,,,,,,,,,,,,,,,
,,,,,,,,,,,,,,,,,,,,,,,,,,,,,
,,,,,,,,,,,,,,,,,,,,,,,,,,,,,
,,,,,,,,,,,,,,,,,,,,,,,,,,,,,
,,,,,,,,,,,,,,,,,,,,,,,,,,,,,
,,,,,,,,,,,,,,,,,,,,,,,,,,,,,
,,,,,,,,,,,,,,,,,,,,,,,,,,,,,
,,,,,,,,,,,,,,,,,,,,,,,,,,,,,
,,,,,,,,,,,,,,,,,,,,,,,,,,,,,
,,,,,,,,,,,,,,,,,,,,,,,,,,,,,
,,,,,,,,,,,,,,,,,,,,,,,,,,,,,
,,,,,,,,,,,,,,,,,,,,,,,,,,,,,
,,,,,,,,,,,,,,,,,,,,,,,,,,,,,
,,,,,,,,,,,,,,,,,,,,,,,,,,,,,
,,,,,,,,,,,,,,,,,,,,,,,,,,,,,
,,,,,,,,,,,,,,,,,,,,,,,,,,,,,
,,,,,,,,,,,,,,,,,,,,,,,,,,,,,
,,,,,,,,,,,,,,,,,,,,,,,,,,,,,
,,,,,,,,,,,,,,,,,,,,,,,,,,,,,
,,,,,,,,,,,,,,,,,,,,,,,,,,,,,
,,,,,,,,,,,,,,,,,,,,,,,,,,,,,
,,,,,,,,,,,,,,,,,,,,,,,,,,,,,
,,,,,,,,,,,,,,,,,,,,,,,,,,,,,
,,,,,,,,,,,,,,,,,,,,,,,,,,,,,
,,,,,,,,,,,,,,,,,,,,,,,,,,,,,
,,,,,,,,,,,,,,,,,,,,,,,,,,,,,
,,,,,,,,,,,,,,,,,,,,,,,,,,,,,
,,,,,,,,,,,,,,,,,,,,,,,,,,,,,
,,,,,,,,,,,,,,,,,,,,,,,,,,,,,
,,,,,,,,,,,,,,,,,,,,,,,,,,,,,
,,,,,,,,,,,,,,,,,,,,,,,,,,,,,
,,,,,,,,,,,,,,,,,,,,,,,,,,,,,
,,,,,,,,,,,,,,,,,,,,,,,,,,,,,
,,,,,,,,,,,,,,,,,,,,,,,,,,,,,
,,,,,,,,,,,,,,,,,,,,,,,,,,,,,
,,,,,,,,,,,,,,,,,,,,,,,,,,,,,
,,,,,,,,,,,,,,,,,,,,,,,,,,,,,
,,,,,,,,,,,,,,,,,,,,,,,,,,,,,
,,,,,,,,,,,,,,,,,,,,,,,,,,,,,
,,,,,,,,,,,,,,,,,,,,,,,,,,,,,
,,,,,,,,,,,,,,,,,,,,,,,,,,,,,
,,,,,,,,,,,,,,,,,,,,,,,,,,,,,
,,,,,,,,,,,,,,,,,,,,,,,,,,,,,
,,,,,,,,,,,,,,,,,,,,,,,,,,,,,
,,,,,,,,,,,,,,,,,,,,,,,,,,,,,
,,,,,,,,,,,,,,,,,,,,,,,,,,,,,
,,,,,,,,,,,,,,,,,,,,,,,,,,,,,
,,,,,,,,,,,,,,,,,,,,,,,,,,,,,
,,,,,,,,,,,,,,,,,,,,,,,,,,,,,
,,,,,,,,,,,,,,,,,,,,,,,,,,,,,
,,,,,,,,,,,,,,,,,,,,,,,,,,,,,
,,,,,,,,,,,,,,,,,,,,,,,,,,,,,
,,,,,,,,,,,,,,,,,,,,,,,,,,,,,
,,,,,,,,,,,,,,,,,,,,,,,,,,,,,
,,,,,,,,,,,,,,,,,,,,,,,,,,,,,
,,,,,,,,,,,,,,,,,,,,,,,,,,,,,
,,,,,,,,,,,,,,,,,,,,,,,,,,,,,
,,,,,,,,,,,,,,,,,,,,,,,,,,,,,
,,,,,,,,,,,,,,,,,,,,,,,,,,,,,
,,,,,,,,,,,,,,,,,,,,,,,,,,,,,
,,,,,,,,,,,,,,,,,,,,,,,,,,,,,
,,,,,,,,,,,,,,,,,,,,,,,,,,,,,
,,,,,,,,,,,,,,,,,,,,,,,,,,,,,
,,,,,,,,,,,,,,,,,,,,,,,,,,,,,
,,,,,,,,,,,,,,,,,,,,,,,,,,,,,
,,,,,,,,,,,,,,,,,,,,,,,,,,,,,
,,,,,,,,,,,,,,,,,,,,,,,,,,,,,
,,,,,,,,,,,,,,,,,,,,,,,,,,,,,
,,,,,,,,,,,,,,,,,,,,,,,,,,,,,
,,,,,,,,,,,,,,,,,,,,,,,,,,,,,
,,,,,,,,,,,,,,,,,,,,,,,,,,,,,
,,,,,,,,,,,,,,,,,,,,,,,,,,,,,
,,,,,,,,,,,,,,,,,,,,,,,,,,,,,
,,,,,,,,,,,,,,,,,,,,,,,,,,,,,
,,,,,,,,,,,,,,,,,,,,,,,,,,,,,
,,,,,,,,,,,,,,,,,,,,,,,,,,,,,
,,,,,,,,,,,,,,,,,,,,,,,,,,,,,
,,,,,,,,,,,,,,,,,,,,,,,,,,,,,
,,,,,,,,,,,,,,,,,,,,,,,,,,,,,
,,,,,,,,,,,,,,,,,,,,,,,,,,,,,
,,,,,,,,,,,,,,,,,,,,,,,,,,,,,
,,,,,,,,,,,,,,,,,,,,,,,,,,,,,
,,,,,,,,,,,,,,,,,,,,,,,,,,,,,
,,,,,,,,,,,,,,,,,,,,,,,,,,,,,
,,,,,,,,,,,,,,,,,,,,,,,,,,,,,
,,,,,,,,,,,,,,,,,,,,,,,,,,,,,
,,,,,,,,,,,,,,,,,,,,,,,,,,,,,
,,,,,,,,,,,,,,,,,,,,,,,,,,,,,
,,,,,,,,,,,,,,,,,,,,,,,,,,,,,
,,,,,,,,,,,,,,,,,,,,,,,,,,,,,
,,,,,,,,,,,,,,,,,,,,,,,,,,,,,
,,,,,,,,,,,,,,,,,,,,,,,,,,,,,
,,,,,,,,,,,,,,,,,,,,,,,,,,,,,
,,,,,,,,,,,,,,,,,,,,,,,,,,,,,
,,,,,,,,,,,,,,,,,,,,,,,,,,,,,
,,,,,,,,,,,,,,,,,,,,,,,,,,,,,
,,,,,,,,,,,,,,,,,,,,,,,,,,,,,
,,,,,,,,,,,,,,,,,,,,,,,,,,,,,
,,,,,,,,,,,,,,,,,,,,,,,,,,,,,
,,,,,,,,,,,,,,,,,,,,,,,,,,,,,
,,,,,,,,,,,,,,,,,,,,,,,,,,,,,
,,,,,,,,,,,,,,,,,,,,,,,,,,,,,
,,,,,,,,,,,,,,,,,,,,,,,,,,,,,
,,,,,,,,,,,,,,,,,,,,,,,,,,,,,
,,,,,,,,,,,,,,,,,,,,,,,,,,,,,
,,,,,,,,,,,,,,,,,,,,,,,,,,,,,
,,,,,,,,,,,,,,,,,,,,,,,,,,,,,
,,,,,,,,,,,,,,,,,,,,,,,,,,,,,
,,,,,,,,,,,,,,,,,,,,,,,,,,,,,
,,,,,,,,,,,,,,,,,,,,,,,,,,,,,
,,,,,,,,,,,,,,,,,,,,,,,,,,,,,
,,,,,,,,,,,,,,,,,,,,,,,,,,,,,
,,,,,,,,,,,,,,,,,,,,,,,,,,,,,
,,,,,,,,,,,,,,,,,,,,,,,,,,,,,
,,,,,,,,,,,,,,,,,,,,,,,,,,,,,
,,,,,,,,,,,,,,,,,,,,,,,,,,,,,
,,,,,,,,,,,,,,,,,,,,,,,,,,,,,
,,,,,,,,,,,,,,,,,,,,,,,,,,,,,
,,,,,,,,,,,,,,,,,,,,,,,,,,,,,
,,,,,,,,,,,,,,,,,,,,,,,,,,,,,
,,,,,,,,,,,,,,,,,,,,,,,,,,,,,
,,,,,,,,,,,,,,,,,,,,,,,,,,,,,
,,,,,,,,,,,,,,,,,,,,,,,,,,,,,
,,,,,,,,,,,,,,,,,,,,,,,,,,,,,
,,,,,,,,,,,,,,,,,,,,,,,,,,,,,
,,,,,,,,,,,,,,,,,,,,,,,,,,,,,
,,,,,,,,,,,,,,,,,,,,,,,,,,,,,
,,,,,,,,,,,,,,,,,,,,,,,,,,,,,
,,,,,,,,,,,,,,,,,,,,,,,,,,,,,
,,,,,,,,,,,,,,,,,,,,,,,,,,,,,
,,,,,,,,,,,,,,,,,,,,,,,,,,,,,
,,,,,,,,,,,,,,,,,,,,,,,,,,,,,
,,,,,,,,,,,,,,,,,,,,,,,,,,,,,
,,,,,,,,,,,,,,,,,,,,,,,,,,,,,
,,,,,,,,,,,,,,,,,,,,,,,,,,,,,
,,,,,,,,,,,,,,,,,,,,,,,,,,,,,
,,,,,,,,,,,,,,,,,,,,,,,,,,,,,
,,,,,,,,,,,,,,,,,,,,,,,,,,,,,
,,,,,,,,,,,,,,,,,,,,,,,,,,,,,
,,,,,,,,,,,,,,,,,,,,,,,,,,,,,
,,,,,,,,,,,,,,,,,,,,,,,,,,,,,
,,,,,,,,,,,,,,,,,,,,,,,,,,,,,
,,,,,,,,,,,,,,,,,,,,,,,,,,,,,
,,,,,,,,,,,,,,,,,,,,,,,,,,,,,
,,,,,,,,,,,,,,,,,,,,,,,,,,,,,
,,,,,,,,,,,,,,,,,,,,,,,,,,,,,
,,,,,,,,,,,,,,,,,,,,,,,,,,,,,
,,,,,,,,,,,,,,,,,,,,,,,,,,,,,
,,,,,,,,,,,,,,,,,,,,,,,,,,,,,
,,,,,,,,,,,,,,,,,,,,,,,,,,,,,
,,,,,,,,,,,,,,,,,,,,,,,,,,,,,
,,,,,,,,,,,,,,,,,,,,,,,,,,,,,
,,,,,,,,,,,,,,,,,,,,,,,,,,,,,
,,,,,,,,,,,,,,,,,,,,,,,,,,,,,
,,,,,,,,,,,,,,,,,,,,,,,,,,,,,
,,,,,,,,,,,,,,,,,,,,,,,,,,,,,
,,,,,,,,,,,,,,,,,,,,,,,,,,,,,
,,,,,,,,,,,,,,,,,,,,,,,,,,,,,
,,,,,,,,,,,,,,,,,,,,,,,,,,,,,
,,,,,,,,,,,,,,,,,,,,,,,,,,,,,
,,,,,,,,,,,,,,,,,,,,,,,,,,,,,
,,,,,,,,,,,,,,,,,,,,,,,,,,,,,
,,,,,,,,,,,,,,,,,,,,,,,,,,,,,
,,,,,,,,,,,,,,,,,,,,,,,,,,,,,
,,,,,,,,,,,,,,,,,,,,,,,,,,,,,
,,,,,,,,,,,,,,,,,,,,,,,,,,,,,
,,,,,,,,,,,,,,,,,,,,,,,,,,,,,
,,,,,,,,,,,,,,,,,,,,,,,,,,,,,
,,,,,,,,,,,,,,,,,,,,,,,,,,,,,
,,,,,,,,,,,,,,,,,,,,,,,,,,,,,
,,,,,,,,,,,,,,,,,,,,,,,,,,,,,
,,,,,,,,,,,,,,,,,,,,,,,,,,,,,
,,,,,,,,,,,,,,,,,,,,,,,,,,,,,
,,,,,,,,,,,,,,,,,,,,,,,,,,,,,
,,,,,,,,,,,,,,,,,,,,,,,,,,,,,
,,,,,,,,,,,,,,,,,,,,,,,,,,,,,
,,,,,,,,,,,,,,,,,,,,,,,,,,,,,
,,,,,,,,,,,,,,,,,,,,,,,,,,,,,
,,,,,,,,,,,,,,,,,,,,,,,,,,,,,
,,,,,,,,,,,,,,,,,,,,,,,,,,,,,
,,,,,,,,,,,,,,,,,,,,,,,,,,,,,
,,,,,,,,,,,,,,,,,,,,,,,,,,,,,
,,,,,,,,,,,,,,,,,,,,,,,,,,,,,
,,,,,,,,,,,,,,,,,,,,,,,,,,,,,
,,,,,,,,,,,,,,,,,,,,,,,,,,,,,
,,,,,,,,,,,,,,,,,,,,,,,,,,,,,
,,,,,,,,,,,,,,,,,,,,,,,,,,,,,
,,,,,,,,,,,,,,,,,,,,,,,,,,,,,
,,,,,,,,,,,,,,,,,,,,,,,,,,,,,
,,,,,,,,,,,,,,,,,,,,,,,,,,,,,
,,,,,,,,,,,,,,,,,,,,,,,,,,,,,
,,,,,,,,,,,,,,,,,,,,,,,,,,,,,
,,,,,,,,,,,,,,,,,,,,,,,,,,,,,
,,,,,,,,,,,,,,,,,,,,,,,,,,,,,
,,,,,,,,,,,,,,,,,,,,,,,,,,,,,
,,,,,,,,,,,,,,,,,,,,,,,,,,,,,
,,,,,,,,,,,,,,,,,,,,,,,,,,,,,
,,,,,,,,,,,,,,,,,,,,,,,,,,,,,
,,,,,,,,,,,,,,,,,,,,,,,,,,,,,
,,,,,,,,,,,,,,,,,,,,,,,,,,,,,
,,,,,,,,,,,,,,,,,,,,,,,,,,,,,
,,,,,,,,,,,,,,,,,,,,,,,,,,,,,
,,,,,,,,,,,,,,,,,,,,,,,,,,,,,
,,,,,,,,,,,,,,,,,,,,,,,,,,,,,
,,,,,,,,,,,,,,,,,,,,,,,,,,,,,
,,,,,,,,,,,,,,,,,,,,,,,,,,,,,
,,,,,,,,,,,,,,,,,,,,,,,,,,,,,
,,,,,,,,,,,,,,,,,,,,,,,,,,,,,
,,,,,,,,,,,,,,,,,,,,,,,,,,,,,
,,,,,,,,,,,,,,,,,,,,,,,,,,,,,
,,,,,,,,,,,,,,,,,,,,,,,,,,,,,
,,,,,,,,,,,,,,,,,,,,,,,,,,,,,
,,,,,,,,,,,,,,,,,,,,,,,,,,,,,
,,,,,,,,,,,,,,,,,,,,,,,,,,,,,
,,,,,,,,,,,,,,,,,,,,,,,,,,,,,
,,,,,,,,,,,,,,,,,,,,,,,,,,,,,
,,,,,,,,,,,,,,,,,,,,,,,,,,,,,
,,,,,,,,,,,,,,,,,,,,,,,,,,,,,
,,,,,,,,,,,,,,,,,,,,,,,,,,,,,
,,,,,,,,,,,,,,,,,,,,,,,,,,,,,
,,,,,,,,,,,,,,,,,,,,,,,,,,,,,
,,,,,,,,,,,,,,,,,,,,,,,,,,,,,
,,,,,,,,,,,,,,,,,,,,,,,,,,,,,
,,,,,,,,,,,,,,,,,,,,,,,,,,,,,
,,,,,,,,,,,,,,,,,,,,,,,,,,,,,
,,,,,,,,,,,,,,,,,,,,,,,,,,,,,
,,,,,,,,,,,,,,,,,,,,,,,,,,,,,
,,,,,,,,,,,,,,,,,,,,,,,,,,,,,
,,,,,,,,,,,,,,,,,,,,,,,,,,,,,
,,,,,,,,,,,,,,,,,,,,,,,,,,,,,
,,,,,,,,,,,,,,,,,,,,,,,,,,,,,
,,,,,,,,,,,,,,,,,,,,,,,,,,,,,
,,,,,,,,,,,,,,,,,,,,,,,,,,,,,
,,,,,,,,,,,,,,,,,,,,,,,,,,,,,
,,,,,,,,,,,,,,,,,,,,,,,,,,,,,
,,,,,,,,,,,,,,,,,,,,,,,,,,,,,
,,,,,,,,,,,,,,,,,,,,,,,,,,,,,
,,,,,,,,,,,,,,,,,,,,,,,,,,,,,
,,,,,,,,,,,,,,,,,,,,,,,,,,,,,
,,,,,,,,,,,,,,,,,,,,,,,,,,,,,
,,,,,,,,,,,,,,,,,,,,,,,,,,,,,
,,,,,,,,,,,,,,,,,,,,,,,,,,,,,
,,,,,,,,,,,,,,,,,,,,,,,,,,,,,
,,,,,,,,,,,,,,,,,,,,,,,,,,,,,
,,,,,,,,,,,,,,,,,,,,,,,,,,,,,
,,,,,,,,,,,,,,,,,,,,,,,,,,,,,
,,,,,,,,,,,,,,,,,,,,,,,,,,,,,
,,,,,,,,,,,,,,,,,,,,,,,,,,,,,
,,,,,,,,,,,,,,,,,,,,,,,,,,,,,
,,,,,,,,,,,,,,,,,,,,,,,,,,,,,
,,,,,,,,,,,,,,,,,,,,,,,,,,,,,
,,,,,,,,,,,,,,,,,,,,,,,,,,,,,
,,,,,,,,,,,,,,,,,,,,,,,,,,,,,
,,,,,,,,,,,,,,,,,,,,,,,,,,,,,
,,,,,,,,,,,,,,,,,,,,,,,,,,,,,
,,,,,,,,,,,,,,,,,,,,,,,,,,,,,
,,,,,,,,,,,,,,,,,,,,,,,,,,,,,
,,,,,,,,,,,,,,,,,,,,,,,,,,,,,
,,,,,,,,,,,,,,,,,,,,,,,,,,,,,
,,,,,,,,,,,,,,,,,,,,,,,,,,,,,
,,,,,,,,,,,,,,,,,,,,,,,,,,,,,
,,,,,,,,,,,,,,,,,,,,,,,,,,,,,
,,,,,,,,,,,,,,,,,,,,,,,,,,,,,
,,,,,,,,,,,,,,,,,,,,,,,,,,,,,
,,,,,,,,,,,,,,,,,,,,,,,,,,,,,
,,,,,,,,,,,,,,,,,,,,,,,,,,,,,
,,,,,,,,,,,,,,,,,,,,,,,,,,,,,
,,,,,,,,,,,,,,,,,,,,,,,,,,,,,
,,,,,,,,,,,,,,,,,,,,,,,,,,,,,
,,,,,,,,,,,,,,,,,,,,,,,,,,,,,
,,,,,,,,,,,,,,,,,,,,,,,,,,,,,
,,,,,,,,,,,,,,,,,,,,,,,,,,,,,
,,,,,,,,,,,,,,,,,,,,,,,,,,,,,
,,,,,,,,,,,,,,,,,,,,,,,,,,,,,
,,,,,,,,,,,,,,,,,,,,,,,,,,,,,
,,,,,,,,,,,,,,,,,,,,,,,,,,,,,
,,,,,,,,,,,,,,,,,,,,,,,,,,,,,
,,,,,,,,,,,,,,,,,,,,,,,,,,,,,
,,,,,,,,,,,,,,,,,,,,,,,,,,,,,
,,,,,,,,,,,,,,,,,,,,,,,,,,,,,
,,,,,,,,,,,,,,,,,,,,,,,,,,,,,
,,,,,,,,,,,,,,,,,,,,,,,,,,,,,
,,,,,,,,,,,,,,,,,,,,,,,,,,,,,
,,,,,,,,,,,,,,,,,,,,,,,,,,,,,
,,,,,,,,,,,,,,,,,,,,,,,,,,,,,
,,,,,,,,,,,,,,,,,,,,,,,,,,,,,
,,,,,,,,,,,,,,,,,,,,,,,,,,,,,
,,,,,,,,,,,,,,,,,,,,,,,,,,,,,
,,,,,,,,,,,,,,,,,,,,,,,,,,,,,
,,,,,,,,,,,,,,,,,,,,,,,,,,,,,
,,,,,,,,,,,,,,,,,,,,,,,,,,,,,
,,,,,,,,,,,,,,,,,,,,,,,,,,,,,
,,,,,,,,,,,,,,,,,,,,,,,,,,,,,
,,,,,,,,,,,,,,,,,,,,,,,,,,,,,
,,,,,,,,,,,,,,,,,,,,,,,,,,,,,
,,,,,,,,,,,,,,,,,,,,,,,,,,,,,
,,,,,,,,,,,,,,,,,,,,,,,,,,,,,
,,,,,,,,,,,,,,,,,,,,,,,,,,,,,
,,,,,,,,,,,,,,,,,,,,,,,,,,,,,
,,,,,,,,,,,,,,,,,,,,,,,,,,,,,
,,,,,,,,,,,,,,,,,,,,,,,,,,,,,
,,,,,,,,,,,,,,,,,,,,,,,,,,,,,
,,,,,,,,,,,,,,,,,,,,,,,,,,,,,
,,,,,,,,,,,,,,,,,,,,,,,,,,,,,
,,,,,,,,,,,,,,,,,,,,,,,,,,,,,
,,,,,,,,,,,,,,,,,,,,,,,,,,,,,
,,,,,,,,,,,,,,,,,,,,,,,,,,,,,
,,,,,,,,,,,,,,,,,,,,,,,,,,,,,
,,,,,,,,,,,,,,,,,,,,,,,,,,,,,
,,,,,,,,,,,,,,,,,,,,,,,,,,,,,
,,,,,,,,,,,,,,,,,,,,,,,,,,,,,
,,,,,,,,,,,,,,,,,,,,,,,,,,,,,
,,,,,,,,,,,,,,,,,,,,,,,,,,,,,
,,,,,,,,,,,,,,,,,,,,,,,,,,,,,
,,,,,,,,,,,,,,,,,,,,,,,,,,,,,
,,,,,,,,,,,,,,,,,,,,,,,,,,,,,
,,,,,,,,,,,,,,,,,,,,,,,,,,,,,
,,,,,,,,,,,,,,,,,,,,,,,,,,,,,
,,,,,,,,,,,,,,,,,,,,,,,,,,,,,
,,,,,,,,,,,,,,,,,,,,,,,,,,,,,
,,,,,,,,,,,,,,,,,,,,,,,,,,,,,
,,,,,,,,,,,,,,,,,,,,,,,,,,,,,
,,,,,,,,,,,,,,,,,,,,,,,,,,,,,
,,,,,,,,,,,,,,,,,,,,,,,,,,,,,
,,,,,,,,,,,,,,,,,,,,,,,,,,,,,
,,,,,,,,,,,,,,,,,,,,,,,,,,,,,
,,,,,,,,,,,,,,,,,,,,,,,,,,,,,
,,,,,,,,,,,,,,,,,,,,,,,,,,,,,
,,,,,,,,,,,,,,,,,,,,,,,,,,,,,
,,,,,,,,,,,,,,,,,,,,,,,,,,,,,
,,,,,,,,,,,,,,,,,,,,,,,,,,,,,
,,,,,,,,,,,,,,,,,,,,,,,,,,,,,
,,,,,,,,,,,,,,,,,,,,,,,,,,,,,
,,,,,,,,,,,,,,,,,,,,,,,,,,,,,
,,,,,,,,,,,,,,,,,,,,,,,,,,,,,
,,,,,,,,,,,,,,,,,,,,,,,,,,,,,
,,,,,,,,,,,,,,,,,,,,,,,,,,,,,
,,,,,,,,,,,,,,,,,,,,,,,,,,,,,
,,,,,,,,,,,,,,,,,,,,,,,,,,,,,
,,,,,,,,,,,,,,,,,,,,,,,,,,,,,
,,,,,,,,,,,,,,,,,,,,,,,,,,,,,
,,,,,,,,,,,,,,,,,,,,,,,,,,,,,
,,,,,,,,,,,,,,,,,,,,,,,,,,,,,
,,,,,,,,,,,,,,,,,,,,,,,,,,,,,
,,,,,,,,,,,,,,,,,,,,,,,,,,,,,
,,,,,,,,,,,,,,,,,,,,,,,,,,,,,
,,,,,,,,,,,,,,,,,,,,,,,,,,,,,
,,,,,,,,,,,,,,,,,,,,,,,,,,,,,
,,,,,,,,,,,,,,,,,,,,,,,,,,,,,
,,,,,,,,,,,,,,,,,,,,,,,,,,,,,
,,,,,,,,,,,,,,,,,,,,,,,,,,,,,
,,,,,,,,,,,,,,,,,,,,,,,,,,,,,
,,,,,,,,,,,,,,,,,,,,,,,,,,,,,
,,,,,,,,,,,,,,,,,,,,,,,,,,,,,
,,,,,,,,,,,,,,,,,,,,,,,,,,,,,
,,,,,,,,,,,,,,,,,,,,,,,,,,,,,
,,,,,,,,,,,,,,,,,,,,,,,,,,,,,
,,,,,,,,,,,,,,,,,,,,,,,,,,,,,
,,,,,,,,,,,,,,,,,,,,,,,,,,,,,
,,,,,,,,,,,,,,,,,,,,,,,,,,,,,
,,,,,,,,,,,,,,,,,,,,,,,,,,,,,
,,,,,,,,,,,,,,,,,,,,,,,,,,,,,
,,,,,,,,,,,,,,,,,,,,,,,,,,,,,
,,,,,,,,,,,,,,,,,,,,,,,,,,,,,
,,,,,,,,,,,,,,,,,,,,,,,,,,,,,
,,,,,,,,,,,,,,,,,,,,,,,,,,,,,
,,,,,,,,,,,,,,,,,,,,,,,,,,,,,
,,,,,,,,,,,,,,,,,,,,,,,,,,,,,
,,,,,,,,,,,,,,,,,,,,,,,,,,,,,
,,,,,,,,,,,,,,,,,,,,,,,,,,,,,
,,,,,,,,,,,,,,,,,,,,,,,,,,,,,
,,,,,,,,,,,,,,,,,,,,,,,,,,,,,
,,,,,,,,,,,,,,,,,,,,,,,,,,,,,
,,,,,,,,,,,,,,,,,,,,,,,,,,,,,
,,,,,,,,,,,,,,,,,,,,,,,,,,,,,
,,,,,,,,,,,,,,,,,,,,,,,,,,,,,
,,,,,,,,,,,,,,,,,,,,,,,,,,,,,
,,,,,,,,,,,,,,,,,,,,,,,,,,,,,
,,,,,,,,,,,,,,,,,,,,,,,,,,,,,
,,,,,,,,,,,,,,,,,,,,,,,,,,,,,
,,,,,,,,,,,,,,,,,,,,,,,,,,,,,
,,,,,,,,,,,,,,,,,,,,,,,,,,,,,
,,,,,,,,,,,,,,,,,,,,,,,,,,,,,
,,,,,,,,,,,,,,,,,,,,,,,,,,,,,
,,,,,,,,,,,,,,,,,,,,,,,,,,,,,
,,,,,,,,,,,,,,,,,,,,,,,,,,,,,
,,,,,,,,,,,,,,,,,,,,,,,,,,,,,
,,,,,,,,,,,,,,,,,,,,,,,,,,,,,
,,,,,,,,,,,,,,,,,,,,,,,,,,,,,
,,,,,,,,,,,,,,,,,,,,,,,,,,,,,
,,,,,,,,,,,,,,,,,,,,,,,,,,,,,
,,,,,,,,,,,,,,,,,,,,,,,,,,,,,
,,,,,,,,,,,,,,,,,,,,,,,,,,,,,
,,,,,,,,,,,,,,,,,,,,,,,,,,,,,
,,,,,,,,,,,,,,,,,,,,,,,,,,,,,
,,,,,,,,,,,,,,,,,,,,,,,,,,,,,
,,,,,,,,,,,,,,,,,,,,,,,,,,,,,
,,,,,,,,,,,,,,,,,,,,,,,,,,,,,
,,,,,,,,,,,,,,,,,,,,,,,,,,,,,
,,,,,,,,,,,,,,,,,,,,,,,,,,,,,
,,,,,,,,,,,,,,,,,,,,,,,,,,,,,
,,,,,,,,,,,,,,,,,,,,,,,,,,,,,
,,,,,,,,,,,,,,,,,,,,,,,,,,,,,
,,,,,,,,,,,,,,,,,,,,,,,,,,,,,
,,,,,,,,,,,,,,,,,,,,,,,,,,,,,
,,,,,,,,,,,,,,,,,,,,,,,,,,,,,
,,,,,,,,,,,,,,,,,,,,,,,,,,,,,
,,,,,,,,,,,,,,,,,,,,,,,,,,,,,
,,,,,,,,,,,,,,,,,,,,,,,,,,,,,
,,,,,,,,,,,,,,,,,,,,,,,,,,,,,
,,,,,,,,,,,,,,,,,,,,,,,,,,,,,
,,,,,,,,,,,,,,,,,,,,,,,,,,,,,
,,,,,,,,,,,,,,,,,,,,,,,,,,,,,
,,,,,,,,,,,,,,,,,,,,,,,,,,,,,
,,,,,,,,,,,,,,,,,,,,,,,,,,,,,
,,,,,,,,,,,,,,,,,,,,,,,,,,,,,
,,,,,,,,,,,,,,,,,,,,,,,,,,,,,
,,,,,,,,,,,,,,,,,,,,,,,,,,,,,
,,,,,,,,,,,,,,,,,,,,,,,,,,,,,
,,,,,,,,,,,,,,,,,,,,,,,,,,,,,
,,,,,,,,,,,,,,,,,,,,,,,,,,,,,
,,,,,,,,,,,,,,,,,,,,,,,,,,,,,
,,,,,,,,,,,,,,,,,,,,,,,,,,,,,
,,,,,,,,,,,,,,,,,,,,,,,,,,,,,
,,,,,,,,,,,,,,,,,,,,,,,,,,,,,
,,,,,,,,,,,,,,,,,,,,,,,,,,,,,
,,,,,,,,,,,,,,,,,,,,,,,,,,,,,
,,,,,,,,,,,,,,,,,,,,,,,,,,,,,
,,,,,,,,,,,,,,,,,,,,,,,,,,,,,
,,,,,,,,,,,,,,,,,,,,,,,,,,,,,
,,,,,,,,,,,,,,,,,,,,,,,,,,,,,
,,,,,,,,,,,,,,,,,,,,,,,,,,,,,
,,,,,,,,,,,,,,,,,,,,,,,,,,,,,
,,,,,,,,,,,,,,,,,,,,,,,,,,,,,
,,,,,,,,,,,,,,,,,,,,,,,,,,,,,
,,,,,,,,,,,,,,,,,,,,,,,,,,,,,
,,,,,,,,,,,,,,,,,,,,,,,,,,,,,
,,,,,,,,,,,,,,,,,,,,,,,,,,,,,
,,,,,,,,,,,,,,,,,,,,,,,,,,,,,
,,,,,,,,,,,,,,,,,,,,,,,,,,,,,
,,,,,,,,,,,,,,,,,,,,,,,,,,,,,
,,,,,,,,,,,,,,,,,,,,,,,,,,,,,
,,,,,,,,,,,,,,,,,,,,,,,,,,,,,
,,,,,,,,,,,,,,,,,,,,,,,,,,,,,
,,,,,,,,,,,,,,,,,,,,,,,,,,,,,
,,,,,,,,,,,,,,,,,,,,,,,,,,,,,
,,,,,,,,,,,,,,,,,,,,,,,,,,,,,
,,,,,,,,,,,,,,,,,,,,,,,,,,,,,
,,,,,,,,,,,,,,,,,,,,,,,,,,,,,
,,,,,,,,,,,,,,,,,,,,,,,,,,,,,
,,,,,,,,,,,,,,,,,,,,,,,,,,,,,
,,,,,,,,,,,,,,,,,,,,,,,,,,,,,
,,,,,,,,,,,,,,,,,,,,,,,,,,,,,
,,,,,,,,,,,,,,,,,,,,,,,,,,,,,
,,,,,,,,,,,,,,,,,,,,,,,,,,,,,
,,,,,,,,,,,,,,,,,,,,,,,,,,,,,
,,,,,,,,,,,,,,,,,,,,,,,,,,,,,
,,,,,,,,,,,,,,,,,,,,,,,,,,,,,
,,,,,,,,,,,,,,,,,,,,,,,,,,,,,
,,,,,,,,,,,,,,,,,,,,,,,,,,,,,
,,,,,,,,,,,,,,,,,,,,,,,,,,,,,
,,,,,,,,,,,,,,,,,,,,,,,,,,,,,
,,,,,,,,,,,,,,,,,,,,,,,,,,,,,
,,,,,,,,,,,,,,,,,,,,,,,,,,,,,
,,,,,,,,,,,,,,,,,,,,,,,,,,,,,
,,,,,,,,,,,,,,,,,,,,,,,,,,,,,
,,,,,,,,,,,,,,,,,,,,,,,,,,,,,
,,,,,,,,,,,,,,,,,,,,,,,,,,,,,
,,,,,,,,,,,,,,,,,,,,,,,,,,,,,
,,,,,,,,,,,,,,,,,,,,,,,,,,,,,
,,,,,,,,,,,,,,,,,,,,,,,,,,,,,
,,,,,,,,,,,,,,,,,,,,,,,,,,,,,
,,,,,,,,,,,,,,,,,,,,,,,,,,,,,
,,,,,,,,,,,,,,,,,,,,,,,,,,,,,
,,,,,,,,,,,,,,,,,,,,,,,,,,,,,
,,,,,,,,,,,,,,,,,,,,,,,,,,,,,
,,,,,,,,,,,,,,,,,,,,,,,,,,,,,
,,,,,,,,,,,,,,,,,,,,,,,,,,,,,
,,,,,,,,,,,,,,,,,,,,,,,,,,,,,
,,,,,,,,,,,,,,,,,,,,,,,,,,,,,
,,,,,,,,,,,,,,,,,,,,,,,,,,,,,
,,,,,,,,,,,,,,,,,,,,,,,,,,,,,
,,,,,,,,,,,,,,,,,,,,,,,,,,,,,
,,,,,,,,,,,,,,,,,,,,,,,,,,,,,
,,,,,,,,,,,,,,,,,,,,,,,,,,,,,
,,,,,,,,,,,,,,,,,,,,,,,,,,,,,
,,,,,,,,,,,,,,,,,,,,,,,,,,,,,
,,,,,,,,,,,,,,,,,,,,,,,,,,,,,
,,,,,,,,,,,,,,,,,,,,,,,,,,,,,
,,,,,,,,,,,,,,,,,,,,,,,,,,,,,
,,,,,,,,,,,,,,,,,,,,,,,,,,,,,
,,,,,,,,,,,,,,,,,,,,,,,,,,,,,
,,,,,,,,,,,,,,,,,,,,,,,,,,,,,
,,,,,,,,,,,,,,,,,,,,,,,,,,,,,
,,,,,,,,,,,,,,,,,,,,,,,,,,,,,
,,,,,,,,,,,,,,,,,,,,,,,,,,,,,
,,,,,,,,,,,,,,,,,,,,,,,,,,,,,
,,,,,,,,,,,,,,,,,,,,,,,,,,,,,
,,,,,,,,,,,,,,,,,,,,,,,,,,,,,
,,,,,,,,,,,,,,,,,,,,,,,,,,,,,
,,,,,,,,,,,,,,,,,,,,,,,,,,,,,
,,,,,,,,,,,,,,,,,,,,,,,,,,,,,
,,,,,,,,,,,,,,,,,,,,,,,,,,,,,
,,,,,,,,,,,,,,,,,,,,,,,,,,,,,
,,,,,,,,,,,,,,,,,,,,,,,,,,,,,
,,,,,,,,,,,,,,,,,,,,,,,,,,,,,
,,,,,,,,,,,,,,,,,,,,,,,,,,,,,
,,,,,,,,,,,,,,,,,,,,,,,,,,,,,
,,,,,,,,,,,,,,,,,,,,,,,,,,,,,
,,,,,,,,,,,,,,,,,,,,,,,,,,,,,
,,,,,,,,,,,,,,,,,,,,,,,,,,,,,
,,,,,,,,,,,,,,,,,,,,,,,,,,,,,
,,,,,,,,,,,,,,,,,,,,,,,,,,,,,
,,,,,,,,,,,,,,,,,,,,,,,,,,,,,
,,,,,,,,,,,,,,,,,,,,,,,,,,,,,
,,,,,,,,,,,,,,,,,,,,,,,,,,,,,
,,,,,,,,,,,,,,,,,,,,,,,,,,,,,
,,,,,,,,,,,,,,,,,,,,,,,,,,,,,
,,,,,,,,,,,,,,,,,,,,,,,,,,,,,
,,,,,,,,,,,,,,,,,,,,,,,,,,,,,
,,,,,,,,,,,,,,,,,,,,,,,,,,,,,
,,,,,,,,,,,,,,,,,,,,,,,,,,,,,
,,,,,,,,,,,,,,,,,,,,,,,,,,,,,
,,,,,,,,,,,,,,,,,,,,,,,,,,,,,
,,,,,,,,,,,,,,,,,,,,,,,,,,,,,
,,,,,,,,,,,,,,,,,,,,,,,,,,,,,
,,,,,,,,,,,,,,,,,,,,,,,,,,,,,
,,,,,,,,,,,,,,,,,,,,,,,,,,,,,
,,,,,,,,,,,,,,,,,,,,,,,,,,,,,
,,,,,,,,,,,,,,,,,,,,,,,,,,,,,
,,,,,,,,,,,,,,,,,,,,,,,,,,,,,
,,,,,,,,,,,,,,,,,,,,,,,,,,,,,
,,,,,,,,,,,,,,,,,,,,,,,,,,,,,
,,,,,,,,,,,,,,,,,,,,,,,,,,,,,
,,,,,,,,,,,,,,,,,,,,,,,,,,,,,
,,,,,,,,,,,,,,,,,,,,,,,,,,,,,
,,,,,,,,,,,,,,,,,,,,,,,,,,,,,
,,,,,,,,,,,,,,,,,,,,,,,,,,,,,
,,,,,,,,,,,,,,,,,,,,,,,,,,,,,
,,,,,,,,,,,,,,,,,,,,,,,,,,,,,
,,,,,,,,,,,,,,,,,,,,,,,,,,,,,
,,,,,,,,,,,,,,,,,,,,,,,,,,,,,
,,,,,,,,,,,,,,,,,,,,,,,,,,,,,
,,,,,,,,,,,,,,,,,,,,,,,,,,,,,
,,,,,,,,,,,,,,,,,,,,,,,,,,,,,
